incident_date,tz,address,prefecture,incident,animal,title_detail,url
2024-05-30,夕方,東京都練馬区谷原５丁目,東京都,下半身露出,False,（東京）練馬区谷原５丁目で下半身露出　５月３０日夕方,http://this.kiji.is/1169267542530458317?c=134733695793120758
2024-04-30,夕方,東京都小平市回田町,東京都,暴行,False,（東京）小平市回田町で暴行　４月３０日夕方,http://this.kiji.is/1158030597921112344?c=134733695793120758
2024-05-31,夕方,東京都北区東十条２丁目,東京都,声かけ,False,（東京）北区東十条２丁目で声かけ　５月３１日夕方,http://this.kiji.is/1169259575689561005?c=134733695793120758
2024-04-30,夕方,東京都日野市旭が丘１丁目,東京都,つきまとい,False,（東京）日野市旭が丘１丁目でつきまとい　４月３０日夕方,http://this.kiji.is/1158013460290633784?c=134733695793120758
2024-04-30,夕方,東京都品川区大崎１丁目,東京都,下半身露出,False,（東京）品川区大崎１丁目で下半身露出　４月３０日夕方,http://this.kiji.is/1158012909382320379?c=134733695793120758
2024-05-30,夕方,東京都江戸川区西葛西３丁目付近,東京都,不審な行動,False,（東京）江戸川区西葛西３丁目付近で不審な行動　５月３０日夕方,http://this.kiji.is/1169251810170651365?c=134733695793120758
2024-04-30,夕方,東京都文京区本郷１丁目,東京都,痴漢,False,（東京）文京区本郷１丁目で痴漢　４月３０日夕方,http://this.kiji.is/1157998289569825250?c=134733695793120758
2024-04-30,夕方,東京都渋谷区松濤２丁目,東京都,盗撮,False,（東京）渋谷区松濤２丁目で盗撮　４月３０日夕方,http://this.kiji.is/1157994917469880839?c=134733695793120758
2024-04-29,夕方,東京都多摩市落合３丁目,東京都,声かけ,False,（東京）多摩市落合３丁目で声かけ　４月２９日夕方,http://this.kiji.is/1157984821396472626?c=134733695793120758
2024-04-30,,東京都足立区荒川周辺地域,東京都,危険物設置,False,（東京）足立区荒川周辺地域で危険物設置　４月３０日,http://this.kiji.is/1157969819273855952?c=134733695793120758
2024-06-13,夜,東京都福生市熊川付近,東京都,下半身露出,False,（東京）福生市熊川付近で下半身露出　６月１３日夜,http://this.kiji.is/1174177660528378621?c=134733695793120758
2024-06-14,未明,東京都日野市程久保８丁目,東京都,下半身露出,False,（東京）日野市程久保８丁目で下半身露出　６月１４日未明,http://this.kiji.is/1174177097299804520?c=134733695793120758
2024-04-30,午後,東京都府中市分梅町５丁目,東京都,下半身露出,False,（東京）府中市分梅町５丁目で下半身露出　４月３０日午後,http://this.kiji.is/1157959636475609370?c=134733695793120758
2024-05-31,午前,東京都あきる野市伊奈,東京都,不審な訪問,False,（東京）あきる野市伊奈で不審な訪問　５月３１日午前,http://this.kiji.is/1169212108161860355?c=134733695793120758
2024-06-13,深夜,東京都多摩市永山４丁目付近,東京都,つきまとい,False,（東京）多摩市永山４丁目付近でつきまとい　６月１３日深夜,http://this.kiji.is/1174138335217680568?c=134733695793120758
2024-05-31,午後,東京都大田区南馬込４丁目,東京都,暴行,False,（東京）大田区南馬込４丁目で暴行　５月３１日午後,http://this.kiji.is/1169181735244383134?c=134733695793120758
2024-05-31,朝,東京都多摩市東寺方付近,東京都,凝視,False,（東京）多摩市東寺方付近で凝視　５月３１日朝,http://this.kiji.is/1169176156662776172?c=134733695793120758
2024-05-30,夕方,東京都多摩市貝取３丁目,東京都,公然わいせつ,False,（東京）多摩市貝取３丁目で公然わいせつ類似行為　５月３０日夕方,http://this.kiji.is/1169172700429599412?c=134733695793120758
2024-05-29,夕方,東京都八王子市左入町付近,東京都,不審な行動,False,（東京）八王子市左入町付近で不審な行動　５月２９日夕方,http://this.kiji.is/1169167896339808854?c=134733695793120758
2024-04-29,夕方,東京都調布市佐須町４丁目,東京都,下半身露出,False,（東京）調布市佐須町４丁目で下半身露出　４月２９日夕方,http://this.kiji.is/1157835232577782481?c=134733695793120758
2024-06-13,夜,東京都荒川区南千住８丁目,東京都,下半身露出,False,（東京）荒川区南千住８丁目で下半身露出　６月１３日夜,http://this.kiji.is/1174106078334681265?c=134733695793120758
2024-05-29,夕方,東京都八王子市明神町２丁目,東京都,痴漢,False,（東京）八王子市明神町２丁目で痴漢　５月２９日夕方,http://this.kiji.is/1169159686523158707?c=134733695793120758
2024-05-31,朝,東京都板橋区清水町付近,東京都,痴漢,False,（東京）板橋区清水町付近で痴漢　５月３１日朝,http://this.kiji.is/1169143392533431089?c=134733695793120758
2024-06-11,朝,東京都府中市住吉町１丁目,東京都,痴漢,False,（東京）府中市住吉町１丁目で痴漢　６月１１日朝,http://this.kiji.is/1173985927317454868?c=134733695793120758
2024-04-29,夕方,東京都杉並区高円寺北３丁目,東京都,下半身露出,False,（東京）杉並区高円寺北３丁目で下半身露出　４月２９日夕方,http://this.kiji.is/1157654543243576105?c=134733695793120758
2024-06-13,夕方,東京都武蔵野市中町１丁目,東京都,下半身露出,False,（東京）武蔵野市中町１丁目で下半身露出　６月１３日夕方,http://this.kiji.is/1173972598959817096?c=134733695793120758
2024-06-13,午後,東京都足立区六木４丁目,東京都,下半身露出,False,（東京）足立区六木４丁目で下半身露出　６月１３日午後,http://this.kiji.is/1173971746343190549?c=134733695793120758
2024-06-13,夕方,東京都江戸川区東葛西８丁目,東京都,声かけ,False,（東京）江戸川区東葛西８丁目で声かけ　６月１３日夕方,http://this.kiji.is/1173965363005784522?c=134733695793120758
2024-06-13,夕方,東京都板橋区中台３丁目,東京都,痴漢,False,（東京）板橋区中台３丁目で痴漢　６月１３日夕方,http://this.kiji.is/1173964775000719529?c=134733695793120758
2024-05-30,夜,東京都葛飾区東金町５丁目付近,東京都,ひったくり,False,（東京）葛飾区東金町５丁目付近でひったくり　５月３０日夜,http://this.kiji.is/1169123990446604532?c=134733695793120758
2024-05-30,昼,東京都葛飾区東金町５丁目付近,東京都,ひったくり,False,（東京）葛飾区東金町５丁目付近でひったくり　５月３０日昼,http://this.kiji.is/1169122123108778788?c=134733695793120758
2024-04-28,朝,東京都文京区後楽１丁目付近,東京都,下半身露出,False,（東京）文京区後楽１丁目付近で下半身露出　４月２８日朝,http://this.kiji.is/1157512689833804672?c=134733695793120758
2024-04-28,深夜,東京都港区芝浦４丁目,東京都,盗撮,False,（東京）港区芝浦４丁目で盗撮　４月２８日深夜,http://this.kiji.is/1157510663983366519?c=134733695793120758
2024-05-31,朝,東京都府中市白糸台６丁目,東京都,声かけ,False,（東京）府中市白糸台６丁目で声かけ　５月３１日朝,http://this.kiji.is/1169108735466570095?c=134733695793120758
2024-06-13,夕方,東京都江戸川区北小岩４丁目,東京都,痴漢,False,（東京）江戸川区北小岩４丁目で痴漢　６月１３日夕方,http://this.kiji.is/1173917982698734325?c=134733695793120758
2024-06-13,午後,東京都港区芝浦４丁目,東京都,凝視,False,（東京）港区芝浦４丁目で凝視　６月１３日午後,http://this.kiji.is/1173917026998878738?c=134733695793120758
2024-06-13,昼,東京都豊島区目白４丁目,東京都,下半身露出,False,（東京）豊島区目白４丁目で下半身露出　６月１３日昼,http://this.kiji.is/1173914787081667341?c=134733695793120758
2024-04-29,未明,東京都墨田区立花２丁目,東京都,つきまとい,False,（東京）墨田区立花２丁目でつきまとい　４月２９日未明,http://this.kiji.is/1157435324547776581?c=134733695793120758
2024-06-13,朝,東京都多摩市愛宕１丁目付近,東京都,盗撮,False,（東京）多摩市愛宕１丁目付近で盗撮　６月１３日朝,http://this.kiji.is/1173912840918286467?c=134733695793120758
2024-05-24,夕方,東京都江東区西部,東京都,体液かけ,False,（東京）江東区西部で体液かけ　５月２４日夕方,http://this.kiji.is/1173910538729865511?c=134733695793120758
2024-06-13,昼過ぎ,東京都江東区南砂６丁目,東京都,痴漢,False,（東京）江東区南砂６丁目で痴漢　６月１３日昼過ぎ,http://this.kiji.is/1173891411392479635?c=134733695793120758
2024-06-12,午後,東京都港区赤坂９丁目,東京都,盗撮,False,（東京）港区赤坂９丁目で盗撮　６月１２日午後,http://this.kiji.is/1173876279783719462?c=134733695793120758
2024-04-28,未明,東京都福生市熊川,東京都,声かけ,False,（東京）福生市熊川で声かけ　４月２８日未明,http://this.kiji.is/1157118944961954013?c=134733695793120758
2024-05-30,夕方,東京都江東区扇橋２丁目,東京都,声かけ,False,（東京）江東区扇橋２丁目で声かけ　５月３０日夕方,http://this.kiji.is/1168871991802004260?c=134733695793120758
2024-05-30,朝,東京都足立区中川４丁目付近,東京都,ひったくり,False,（東京）足立区中川４丁目付近でひったくり　５月３０日朝,http://this.kiji.is/1168806740152205366?c=134733695793120758
2024-06-12,昼過ぎ,東京都西東京市南町３丁目,東京都,痴漢,False,（東京）西東京市南町３丁目で痴漢　６月１２日昼過ぎ,http://this.kiji.is/1173806007923343489?c=134733695793120758
2024-06-13,朝,東京都青梅市新町８丁目,東京都,痴漢,False,（東京）青梅市新町８丁目で痴漢　６月１３日朝,http://this.kiji.is/1173785827295658315?c=134733695793120758
2024-04-27,昼,東京都あきる野市秋川５丁目,東京都,下半身露出,False,（東京）あきる野市秋川５丁目で下半身露出　４月２７日昼,http://this.kiji.is/1156837533189701740?c=134733695793120758
2024-04-26,深夜,東京都小平市小川西町５丁目,東京都,痴漢,False,（東京）小平市小川西町５丁目で痴漢　４月２６日深夜,http://this.kiji.is/1156788351018107010?c=134733695793120758
2024-04-26,深夜,東京都稲城市矢野口,東京都,風呂場盗撮,False,（東京）稲城市矢野口で風呂場盗撮の疑い　４月２６日深夜,http://this.kiji.is/1156786879002968306?c=134733695793120758
2024-04-26,夕方,東京都八王子市別所２丁目,東京都,声かけ,False,（東京）八王子市別所２丁目で声かけ　４月２６日夕方,http://this.kiji.is/1156779718844137562?c=134733695793120758
2024-04-24,午後,東京都小平市大沼町４丁目,東京都,下半身露出,False,（東京）小平市大沼町４丁目で下半身露出　４月２４日午後,http://this.kiji.is/1156768533973844635?c=134733695793120758
2024-05-29,午後,東京都江戸川区鹿骨３丁目付近,東京都,つきまとい,False,（東京）江戸川区鹿骨３丁目付近でつきまとい　５月２９日午後,http://this.kiji.is/1168715513516802790?c=134733695793120758
2024-06-12,夕方,東京都新宿区水道町,東京都,暴行,False,（東京）新宿区水道町で暴行　６月１２日夕方,http://this.kiji.is/1173609902503657591?c=134733695793120758
2024-05-29,深夜,東京都板橋区熊野町,東京都,下半身露出,False,（東京）板橋区熊野町で下半身露出　５月２９日深夜,http://this.kiji.is/1168708577541505790?c=134733695793120758
2024-04-27,早朝,東京都杉並区高円寺北１丁目,東京都,痴漢,False,（東京）杉並区高円寺北１丁目で痴漢　４月２７日早朝,http://this.kiji.is/1156761479222739838?c=134733695793120758
2024-05-29,午後,東京都西東京市保谷町６丁目,東京都,つきまとい,False,（東京）西東京市保谷町６丁目でつきまとい　５月２９日午後,http://this.kiji.is/1168707782040765021?c=134733695793120758
2024-04-27,未明,東京都西東京市中町２丁目,東京都,痴漢,False,（東京）西東京市中町２丁目で痴漢　４月２７日未明,http://this.kiji.is/1156756929985381334?c=134733695793120758
2024-05-29,夕方,東京都港区芝２丁目,東京都,声かけ,False,（東京）港区芝２丁目で声かけ　５月２９日夕方,http://this.kiji.is/1168704608836780689?c=134733695793120758
2024-05-29,夕方,東京都江東区猿江１丁目,東京都,声かけ,False,（東京）江東区猿江１丁目で声かけ　５月２９日夕方,http://this.kiji.is/1168701497058918863?c=134733695793120758
2024-05-29,朝,東京都八王子市堀之内３丁目,東京都,盗撮,False,（東京）八王子市堀之内３丁目で盗撮の疑い　５月２９日朝［解決］,http://this.kiji.is/1168700040263058239?c=134733695793120758
2024-04-26,夕方,東京都板橋区高島平８丁目,東京都,撮影,False,（東京）板橋区高島平８丁目で撮影　４月２６日夕方,http://this.kiji.is/1156686620277359177?c=134733695793120758
2024-05-29,夜,東京都東久留米市滝山２丁目,東京都,下半身露出,False,（東京）東久留米市滝山２丁目で下半身露出　５月２９日夜,http://this.kiji.is/1168696937241428066?c=134733695793120758
2024-06-12,夕方,東京都荒川区南千住４丁目付近,東京都,ひったくり,False,（東京）荒川区南千住４丁目付近でひったくり　６月１２日夕方,http://this.kiji.is/1173562476932547004?c=134733695793120758
2024-04-26,夕方,東京都港区芝５丁目,東京都,不審な接触,False,（東京）港区芝５丁目で不審な接触　４月２６日夕方,http://this.kiji.is/1156585002591355682?c=134733695793120758
2024-05-29,夕方,東京都調布市布田３丁目,東京都,声かけ,False,（東京）調布市布田３丁目で声かけ　５月２９日夕方,http://this.kiji.is/1168544945623154909?c=134733695793120758
2024-04-26,朝,東京都府中市住吉町４丁目,東京都,痴漢,False,（東京）府中市住吉町４丁目で痴漢　４月２６日朝,http://this.kiji.is/1156578264464474169?c=134733695793120758
2024-05-29,夕方,東京都日野市多摩平１丁目,東京都,痴漢,False,（東京）日野市多摩平１丁目で痴漢　５月２９日夕方,http://this.kiji.is/1168541315418735401?c=134733695793120758
2024-06-12,午後,東京都大田区大森西１丁目,東京都,声かけ,False,（東京）大田区大森西１丁目で声かけ　６月１２日午後,http://this.kiji.is/1173536031639781636?c=134733695793120758
2024-05-29,夕方,東京都八王子市片倉町,東京都,下半身露出,False,（東京）八王子市片倉町で下半身露出　５月２９日夕方,http://this.kiji.is/1168539282516312927?c=134733695793120758
2024-05-29,夕方,東京都世田谷区岡本３丁目,東京都,下半身露出,False,（東京）世田谷区岡本３丁目で下半身露出　５月２９日夕方,http://this.kiji.is/1168538752996720882?c=134733695793120758
2024-05-29,午後,東京都豊島区長崎３丁目,東京都,つきまとい,False,（東京）豊島区長崎３丁目でつきまとい　５月２９日午後,http://this.kiji.is/1168536075966202488?c=134733695793120758
2024-05-29,夕方,東京都豊島区要町３丁目,東京都,下半身露出,False,（東京）豊島区要町３丁目で下半身露出　５月２９日夕方,http://this.kiji.is/1168535604313145821?c=134733695793120758
2024-05-29,昼過ぎ,東京都江戸川区中葛西１丁目,東京都,痴漢,False,（東京）江戸川区中葛西１丁目で痴漢　５月２９日昼過ぎ,http://this.kiji.is/1168535231517623123?c=134733695793120758
2024-05-29,夜,東京都新宿区白銀町,東京都,下半身露出,False,（東京）新宿区白銀町で下半身露出　５月２９日夜,http://this.kiji.is/1168533983070503669?c=134733695793120758
2024-06-12,午後,東京都羽村市川崎３丁目,東京都,下半身露出,False,（東京）羽村市川崎３丁目で下半身露出　６月１２日午後,http://this.kiji.is/1173529895836631316?c=134733695793120758
2024-04-26,,東京都大田区東雪谷４丁目,東京都,声かけ,False,（東京）大田区東雪谷４丁目で声かけ　４月２６日,http://this.kiji.is/1156562252002787423?c=134733695793120758
2024-04-26,昼過ぎ,東京都武蔵野市中町３丁目,東京都,不審な接触,False,（東京）武蔵野市中町３丁目で不審な接触　４月２６日昼過ぎ,http://this.kiji.is/1156541651496452728?c=134733695793120758
2024-06-11,夕方,東京都江戸川区大杉３丁目付近,東京都,盗撮,False,（東京）江戸川区大杉３丁目付近で盗撮　６月１１日夕方,http://this.kiji.is/1173523385979158740?c=134733695793120758
2024-04-26,夕方,東京都江東区豊洲３丁目,東京都,声かけ,False,（東京）江東区豊洲３丁目で声かけ　４月２６日夕方,http://this.kiji.is/1156535296579322531?c=134733695793120758
2024-06-12,朝,東京都江戸川区西葛西６丁目付近,東京都,盗撮,False,（東京）江戸川区西葛西６丁目付近で盗撮　６月１２日朝,http://this.kiji.is/1173521832413545229?c=134733695793120758
2024-04-26,午後,東京都国分寺市東恋ケ窪２丁目,東京都,下半身露出,False,（東京）国分寺市東恋ケ窪２丁目で下半身露出　４月２６日午後,http://this.kiji.is/1156527896739431404?c=134733695793120758
2024-04-25,午後,東京都江東区豊洲４丁目,東京都,声かけ,False,（東京）江東区豊洲４丁目で声かけ　４月２５日午後,http://this.kiji.is/1156518968263738164?c=134733695793120758
2024-04-26,午後,東京都新宿区中落合３丁目,東京都,盗撮,False,（東京）新宿区中落合３丁目で盗撮　４月２６日午後,http://this.kiji.is/1156517419410588006?c=134733695793120758
2024-04-23,夕方,東京都多摩市東寺方付近,東京都,刃物所持,False,（東京）多摩市東寺方付近で刃物所持の疑い　４月２３日夕方,http://this.kiji.is/1156498958113342328?c=134733695793120758
2024-05-29,午前,東京都文京区千石１丁目,東京都,下半身露出,False,（東京）文京区千石１丁目で下半身露出　５月２９日午前,http://this.kiji.is/1168427944749662267?c=134733695793120758
2024-04-26,昼過ぎ,東京都武蔵村山市中藤３丁目付近,東京都,暴行,False,（東京）武蔵村山市中藤３丁目付近で暴行　４月２６日昼過ぎ,http://this.kiji.is/1156485775393734679?c=134733695793120758
2024-05-21,,東京都八王子市小宮町,東京都,自動車盗,False,（東京）八王子市小宮町で自動車盗　５月２１日から２２日,http://this.kiji.is/1168382764325699672?c=134733695793120758
2024-05-28,朝,東京都多摩市豊ケ丘２丁目付近,東京都,刃物所持,False,（東京）多摩市豊ケ丘２丁目付近で刃物所持　５月２８日朝,http://this.kiji.is/1168374186221667272?c=134733695793120758
2024-05-28,夕方,東京都東久留米市柳窪１丁目,東京都,声かけ,False,（東京）東久留米市柳窪１丁目で声かけ　５月２８日夕方,http://this.kiji.is/1168349613406225359?c=134733695793120758
2024-06-11,夜,東京都八王子市みなみ野１丁目,東京都,声かけ,False,（東京）八王子市みなみ野１丁目で声かけ　６月１１日夜,http://this.kiji.is/1173466684006073229?c=134733695793120758
2024-05-28,深夜,東京都豊島区池袋本町１丁目,東京都,つきまとい,False,（東京）豊島区池袋本町１丁目でつきまとい　５月２８日深夜,http://this.kiji.is/1168343400377385286?c=134733695793120758
2024-04-26,朝,東京都多摩市連光寺６丁目,東京都,つきまとい,False,（東京）多摩市連光寺６丁目でつきまとい　４月２６日朝,http://this.kiji.is/1156407810677604615?c=134733695793120758
2024-05-28,夜,東京都西東京市北町５丁目,東京都,痴漢,False,（東京）西東京市北町５丁目で痴漢　５月２８日夜,http://this.kiji.is/1168341251873636453?c=134733695793120758
2024-06-11,夜,東京都葛飾区西新小岩４丁目,東京都,下半身露出,False,（東京）葛飾区西新小岩４丁目で下半身露出　６月１１日夜,http://this.kiji.is/1173450256681993075?c=134733695793120758
2024-06-11,夜,東京都東久留米市滝山７丁目,東京都,痴漢,False,（東京）東久留米市滝山７丁目で痴漢　６月１１日夜,http://this.kiji.is/1173425936642245167?c=134733695793120758
2024-06-12,未明,東京都江東区大島１丁目,東京都,つきまとい,False,（東京）江東区大島１丁目でつきまとい　６月１２日未明,http://this.kiji.is/1173418597352194815?c=134733695793120758
2024-06-12,未明,東京都府中市本町４丁目,東京都,痴漢,False,（東京）府中市本町４丁目で痴漢　６月１２日未明,http://this.kiji.is/1173415323244691531?c=134733695793120758
2024-04-25,深夜,東京都板橋区成増２丁目,東京都,痴漢,False,（東京）板橋区成増２丁目で痴漢　４月２５日深夜,http://this.kiji.is/1156381729610122238?c=134733695793120758
2024-04-25,夜,東京都八王子市千人町１丁目,東京都,痴漢,False,（東京）八王子市千人町１丁目で痴漢　４月２５日夜,http://this.kiji.is/1156374718217617875?c=134733695793120758
2024-05-28,午前,東京都八王子市,東京都,盗撮,False,（東京）八王子市で盗撮未遂　５月２８日午前,http://this.kiji.is/1168176149166506211?c=134733695793120758
2024-04-14,,東京都多摩市永山,東京都,バイク盗,False,（東京）多摩市永山でバイク盗　４月１４日から２０日,http://this.kiji.is/1156221535515395005?c=134733695793120758
2024-05-28,夕方,東京都中野区弥生町１丁目,東京都,声かけ,False,（東京）中野区弥生町１丁目で声かけ　５月２８日夕方,http://this.kiji.is/1168168057515590027?c=134733695793120758
2024-04-25,昼過ぎ,東京都足立区西新井栄町１丁目,東京都,不審な接触,False,（東京）足立区西新井栄町１丁目で不審な接触　４月２５日昼過ぎ,http://this.kiji.is/1156218864434889377?c=134733695793120758
2024-06-11,夜,東京都品川区戸越６丁目,東京都,痴漢,False,（東京）品川区戸越６丁目で痴漢　６月１１日夜,http://this.kiji.is/1173263051459248736?c=134733695793120758
2024-04-25,朝,東京都千代田区神田須田町１丁目,東京都,声かけ,False,（東京）千代田区神田須田町１丁目で声かけ　４月２５日朝,http://this.kiji.is/1156217874871386777?c=134733695793120758
2024-05-28,夕方,東京都府中市清水が丘２丁目,東京都,痴漢,False,（東京）府中市清水が丘２丁目で痴漢　５月２８日夕方,http://this.kiji.is/1168162524044968074?c=134733695793120758
2024-04-25,夕方,東京都中央区,東京都,粗暴行為,False,（東京）中央区で粗暴行為　４月２５日夕方,http://this.kiji.is/1156212418591785044?c=134733695793120758
2024-05-28,午後,東京都足立区綾瀬１丁目,東京都,声かけ,False,（東京）足立区綾瀬１丁目で声かけ　５月２８日午後,http://this.kiji.is/1168139608322785689?c=134733695793120758
2024-04-25,午後,東京都中野区中央１丁目,東京都,声かけ,False,（東京）中野区中央１丁目で声かけ　４月２５日午後,http://this.kiji.is/1156191354107445727?c=134733695793120758
2024-05-27,午後,東京都中野区江古田１丁目,東京都,車上狙い,False,（東京）中野区江古田１丁目で車上狙い　５月２７日午後,http://this.kiji.is/1168072364988252379?c=134733695793120758
2024-05-27,昼,東京都中野区丸山１丁目,東京都,車上狙い,False,（東京）中野区丸山１丁目で車上狙い　５月２７日昼,http://this.kiji.is/1168069768438563404?c=134733695793120758
2024-05-27,午前,東京都大田区大森東４丁目,東京都,不審な行動,False,（東京）大田区大森東４丁目で不審な行動　５月２７日午前,http://this.kiji.is/1168061284172432363?c=134733695793120758
2024-06-10,午後,東京都足立区綾瀬１丁目,東京都,危険物所持,False,（東京）足立区綾瀬１丁目で危険物所持の疑い　６月１０日午後,http://this.kiji.is/1173171355629650525?c=134733695793120758
2024-06-10,午後,東京都千代田区三番町,東京都,暴行,False,（東京）千代田区三番町で暴行　６月１０日午後,http://this.kiji.is/1173159479508337121?c=134733695793120758
2024-04-23,夕方,東京都世田谷区深沢６丁目,東京都,つきまとい,False,（東京）世田谷区深沢６丁目でつきまとい　４月２３日夕方,http://this.kiji.is/1156052720257418185?c=134733695793120758
2024-04-23,夜,東京都足立区中川４丁目,東京都,下半身露出,False,（東京）足立区中川４丁目で下半身露出　４月２３日夜,http://this.kiji.is/1156037227993071808?c=134733695793120758
2024-05-27,夕方,東京都足立区中川２丁目,東京都,下半身露出,False,（東京）足立区中川２丁目で下半身露出　５月２７日夕方,http://this.kiji.is/1168000596146406213?c=134733695793120758
2024-04-25,未明,東京都世田谷区池尻３丁目,東京都,下半身露出,False,（東京）世田谷区池尻３丁目で下半身露出　４月２５日未明,http://this.kiji.is/1155979002729579164?c=134733695793120758
2024-04-24,夜,東京都府中市白糸台６丁目,東京都,下半身露出,False,（東京）府中市白糸台６丁目で下半身露出　４月２４日夜,http://this.kiji.is/1155977206322708678?c=134733695793120758
2024-04-24,夕方,東京都狛江市猪方２丁目,東京都,つきまとい,False,（東京）狛江市猪方２丁目でつきまとい　４月２４日夕方,http://this.kiji.is/1155879327400428064?c=134733695793120758
2024-04-18,,東京都八王子市大塚,東京都,車上狙い,False,（東京）八王子市大塚で車上狙い　４月１８日,http://this.kiji.is/1155843958423732429?c=134733695793120758
2024-04-24,夕方,東京都羽村市小作台４丁目付近,東京都,モノかけ,False,（東京）羽村市小作台４丁目付近でモノかけ　４月２４日夕方,http://this.kiji.is/1155843420101018620?c=134733695793120758
2024-05-27,午後,東京都多摩市馬引沢２丁目,東京都,盗撮,False,（東京）多摩市馬引沢２丁目で盗撮の疑い　５月２７日午後,http://this.kiji.is/1167810082127511949?c=134733695793120758
2024-05-27,午後,東京都立川市上砂町５丁目,東京都,盗撮,False,（東京）立川市上砂町５丁目で盗撮　５月２７日午後,http://this.kiji.is/1167804642871345726?c=134733695793120758
2024-06-11,朝,東京都多摩市中沢１丁目,東京都,痴漢,False,（東京）多摩市中沢１丁目で痴漢　６月１１日朝,http://this.kiji.is/1173101048466080558?c=134733695793120758
2024-05-27,夕方,東京都杉並区堀ノ内２丁目,東京都,撮影,False,（東京）杉並区堀ノ内２丁目で撮影　５月２７日夕方,http://this.kiji.is/1167801532069610159?c=134733695793120758
2024-04-24,午後,東京都狛江市猪方２丁目,東京都,暴言,False,（東京）狛江市猪方２丁目で暴言類似行為　４月２４日午後,http://this.kiji.is/1155791513071993553?c=134733695793120758
2024-04-23,夕方,東京都荒川区西日暮里４丁目,東京都,下半身露出,False,（東京）荒川区西日暮里４丁目で下半身露出　４月２３日夕方,http://this.kiji.is/1155790534211617162?c=134733695793120758
2024-06-10,夕方,東京都八王子市めじろ台４丁目,東京都,声かけ,False,（東京）八王子市めじろ台４丁目で声かけ　６月１０日夕方,http://this.kiji.is/1173057121856323829?c=134733695793120758
2024-05-27,午後,東京都杉並区上高井戸１丁目,東京都,つきまとい,False,（東京）杉並区上高井戸１丁目でつきまとい　５月２７日午後,http://this.kiji.is/1167730186570400546?c=134733695793120758
2024-06-10,午後,東京都練馬区大泉学園町７丁目,東京都,声かけ,False,（東京）練馬区大泉学園町７丁目で声かけ　６月１０日午後,http://this.kiji.is/1173036365043450583?c=134733695793120758
2024-06-10,夜,東京都練馬区西大泉５丁目,東京都,下半身露出,False,（東京）練馬区西大泉５丁目で下半身露出　６月１０日夜,http://this.kiji.is/1173035167370150465?c=134733695793120758
2024-06-11,未明,東京都練馬区南大泉３丁目,東京都,痴漢,False,（東京）練馬区南大泉３丁目で痴漢　６月１１日未明,http://this.kiji.is/1173033991171228409?c=134733695793120758
2024-06-10,夕方,東京都江戸川区篠崎町６丁目,東京都,暴行,False,（東京）江戸川区篠崎町６丁目で暴行　６月１０日夕方,http://this.kiji.is/1173033116205302581?c=134733695793120758
2024-06-11,未明,東京都江東区住吉１丁目,東京都,下半身露出,False,（東京）江東区住吉１丁目で下半身露出　６月１１日未明,http://this.kiji.is/1172990058911875449?c=134733695793120758
2024-06-02,夕方,東京都江東区深川２丁目,東京都,つきまとい,False,（東京）江東区深川２丁目でつきまとい　６月２日夕方,http://this.kiji.is/1172988811647385831?c=134733695793120758
2024-05-27,未明,東京都中野区丸山２丁目,東京都,痴漢,False,（東京）中野区丸山２丁目で痴漢　５月２７日未明,http://this.kiji.is/1167574893118210461?c=134733695793120758
2024-05-25,午後,東京都八王子市打越町,東京都,声かけ,False,（東京）八王子市打越町で声かけ　５月２５日午後,http://this.kiji.is/1167572961600422582?c=134733695793120758
2024-05-27,未明,東京都福生市志茂,東京都,下半身露出,False,（東京）福生市志茂で下半身露出　５月２７日未明,http://this.kiji.is/1167571782675497138?c=134733695793120758
2024-06-10,午後,東京都中央区晴海１丁目,東京都,投石,False,（東京）中央区晴海１丁目で投石類似行為　６月１０日午後,http://this.kiji.is/1172850722335785280?c=134733695793120758
2024-06-10,午後,東京都杉並区阿佐谷北２丁目,東京都,つきまとい,False,（東京）杉並区阿佐谷北２丁目でつきまとい　６月１０日午後,http://this.kiji.is/1172844765419668241?c=134733695793120758
2024-06-09,夕方,東京都多摩市連光寺２丁目付近,東京都,つきまとい,False,（東京）多摩市連光寺２丁目付近でつきまとい　６月９日夕方,http://this.kiji.is/1172843627025908624?c=134733695793120758
2024-06-06,夕方,東京都練馬区桜台５丁目,東京都,痴漢,False,（東京）練馬区桜台５丁目で痴漢　６月６日夕方,http://this.kiji.is/1172842795557421515?c=134733695793120758
2024-05-15,,東京都文京区本郷２丁目付近,東京都,つきまとい,False,（東京）文京区本郷２丁目付近でつきまとい　５月１５日［解決］,http://this.kiji.is/1167472897977712851?c=134733695793120758
2024-06-05,午後,東京都練馬区南大泉１丁目,東京都,暴行,False,（東京）練馬区南大泉１丁目で暴行　６月５日午後,http://this.kiji.is/1172794978966388896?c=134733695793120758
2024-05-26,夕方,東京都新宿区市谷台町,東京都,つきまとい,False,（東京）新宿区市谷台町でつきまとい　５月２６日夕方,http://this.kiji.is/1167417067127948088?c=134733695793120758
2024-05-26,昼過ぎ,東京都府中市晴見町２丁目,東京都,下半身露出,False,（東京）府中市晴見町２丁目で下半身露出　５月２６日昼過ぎ,http://this.kiji.is/1167364126750950088?c=134733695793120758
2024-04-23,夕方,東京都稲城市大丸,東京都,下半身露出,False,（東京）稲城市大丸で下半身露出　４月２３日夕方,http://this.kiji.is/1155461001944547778?c=134733695793120758
2024-04-23,午後,東京都世田谷区若林２丁目,東京都,声かけ,False,（東京）世田谷区若林２丁目で声かけ　４月２３日午後,http://this.kiji.is/1155455143473971280?c=134733695793120758
2024-04-23,午後,東京都世田谷区弦巻４丁目,東京都,下半身露出,False,（東京）世田谷区弦巻４丁目で下半身露出　４月２３日午後,http://this.kiji.is/1155452619089904296?c=134733695793120758
2024-04-23,午後,東京都八王子市片倉町,東京都,声かけ,False,（東京）八王子市片倉町で声かけ　４月２３日午後,http://this.kiji.is/1155449564510421372?c=134733695793120758
2024-04-23,午後,東京都葛飾区立石２丁目,東京都,盗撮,False,（東京）葛飾区立石２丁目で盗撮　４月２３日午後,http://this.kiji.is/1155449016160027480?c=134733695793120758
2024-04-17,未明,東京都町田市金森東３丁目,東京都,下半身露出,False,（東京）町田市金森東３丁目で下半身露出　４月１７日未明,http://this.kiji.is/1155448078566719557?c=134733695793120758
2024-04-15,午後,東京都町田市野津田町,東京都,声かけ,False,（東京）町田市野津田町で声かけ　４月１５日午後,http://this.kiji.is/1155416441670549984?c=134733695793120758
2024-06-09,夕方,東京都大田区大森西６丁目付近,東京都,不審な行動,False,（東京）大田区大森西６丁目付近で不審な行動　６月９日夕方,http://this.kiji.is/1172727266515976408?c=134733695793120758
2024-06-09,深夜,東京都西東京市田無町７丁目,東京都,風呂場盗撮,False,（東京）西東京市田無町７丁目で風呂場盗撮　６月９日深夜,http://this.kiji.is/1172716222126195063?c=134733695793120758
2024-05-26,未明,東京都あきる野市伊奈,東京都,つきまとい,False,（東京）あきる野市伊奈でつきまとい　５月２６日未明,http://this.kiji.is/1167246854586204778?c=134733695793120758
2024-06-09,夜,東京都中野区中野４丁目,東京都,盗撮,False,（東京）中野区中野４丁目で盗撮　６月９日夜,http://this.kiji.is/1172678307108274396?c=134733695793120758
2024-06-09,夜,東京都中野区弥生町６丁目,東京都,声かけ,False,（東京）中野区弥生町６丁目で声かけ　６月９日夜,http://this.kiji.is/1172552490766926358?c=134733695793120758
2024-06-09,昼前,東京都八王子市上柚木２丁目,東京都,トイレ盗撮,False,（東京）八王子市上柚木２丁目でトイレ盗撮の疑い　６月９日昼前,http://this.kiji.is/1172550619110900113?c=134733695793120758
2024-06-09,夕方,東京都江戸川区清新町１丁目,東京都,つきまとい,False,（東京）江戸川区清新町１丁目でつきまとい　６月９日夕方,http://this.kiji.is/1172511598466335398?c=134733695793120758
2024-05-25,夜,東京都福生市武蔵野台１丁目,東京都,声かけ,False,（東京）福生市武蔵野台１丁目で声かけ　５月２５日夜,http://this.kiji.is/1167208966234817369?c=134733695793120758
2024-06-09,夕方,東京都豊島区目白４丁目,東京都,下半身露出,False,（東京）豊島区目白４丁目で下半身露出　６月９日夕方,http://this.kiji.is/1172476785589256830?c=134733695793120758
2024-04-22,午後,東京都葛飾区亀有２丁目,東京都,声かけ,False,（東京）葛飾区亀有２丁目で声かけ　４月２２日午後,http://this.kiji.is/1155323356598453161?c=134733695793120758
2024-06-09,午前,東京都板橋区泉町,東京都,下半身露出,False,（東京）板橋区泉町で下半身露出　６月９日午前,http://this.kiji.is/1172461661406086131?c=134733695793120758
2024-05-25,午後,東京都府中市小柳町３丁目,東京都,下半身露出,False,（東京）府中市小柳町３丁目で下半身露出　５月２５日午後,http://this.kiji.is/1167042029388235650?c=134733695793120758
2024-05-23,昼前,東京都町田市小山町,東京都,下半身露出,False,（東京）町田市小山町で下半身露出　５月２３日昼前,http://this.kiji.is/1167035946460103540?c=134733695793120758
2024-05-25,夕方,東京都港区西麻布２丁目,東京都,声かけ,False,（東京）港区西麻布２丁目で声かけ　５月２５日夕方,http://this.kiji.is/1167031092128629609?c=134733695793120758
2024-04-22,夜,東京都国立市青柳,東京都,つきまとい,False,（東京）国立市青柳でつきまとい　４月２２日夜,http://this.kiji.is/1155206199339106610?c=134733695793120758
2024-04-22,夜,東京都大田区西馬込２丁目,東京都,下半身露出,False,（東京）大田区西馬込２丁目で下半身露出　４月２２日夜,http://this.kiji.is/1155205060724359462?c=134733695793120758
2024-06-09,午前,東京都板橋区小茂根４丁目,東京都,下半身露出,False,（東京）板橋区小茂根４丁目で下半身露出　６月９日午前,http://this.kiji.is/1172383942900859259?c=134733695793120758
2024-04-22,夕方,東京都中野区野方２丁目,東京都,声かけ,False,（東京）中野区野方２丁目で声かけ　４月２２日夕方,http://this.kiji.is/1155115777933673395?c=134733695793120758
2024-06-08,夜,東京都板橋区大和町,東京都,痴漢,False,（東京）板橋区大和町で痴漢　６月８日夜,http://this.kiji.is/1172357536474694581?c=134733695793120758
2024-04-22,夕方,東京都日野市高幡,東京都,粗暴行為,False,（東京）日野市高幡で粗暴行為　４月２２日夕方,http://this.kiji.is/1155106034424021755?c=134733695793120758
2024-04-19,夕方,東京都八王子市別所１丁目,東京都,下半身露出,False,（東京）八王子市別所１丁目で下半身露出　４月１９日夕方,http://this.kiji.is/1155105154750218746?c=134733695793120758
2024-06-08,深夜,東京都江戸川区北小岩１丁目,東京都,つきまとい,False,（東京）江戸川区北小岩１丁目でつきまとい　６月８日深夜,http://this.kiji.is/1172330116578607794?c=134733695793120758
2024-06-08,昼過ぎ,東京都西東京市下保谷４丁目付近,東京都,つきまとい,False,（東京）西東京市下保谷４丁目付近でつきまとい　６月８日昼過ぎ,http://this.kiji.is/1172328829812081616?c=134733695793120758
2024-06-09,未明,東京都大田区北嶺町,東京都,下半身露出,False,（東京）大田区北嶺町で下半身露出　６月９日未明,http://this.kiji.is/1172327453693002281?c=134733695793120758
2024-06-08,深夜,東京都台東区台東１丁目,東京都,下半身露出,False,（東京）台東区台東１丁目で下半身露出　６月８日深夜,http://this.kiji.is/1172193351659618947?c=134733695793120758
2024-06-08,夜,東京都福生市熊川,東京都,下半身露出,False,（東京）福生市熊川で下半身露出　６月８日夜,http://this.kiji.is/1172178131794002292?c=134733695793120758
2024-06-05,夕方,東京都墨田区本所２丁目,東京都,声かけ,False,（東京）墨田区本所２丁目で声かけ　６月５日夕方［解決］,http://this.kiji.is/1172158638065533571?c=134733695793120758
2024-06-08,昼過ぎ,東京都品川区南大井６丁目,東京都,声かけ,False,（東京）品川区南大井６丁目で声かけ　６月８日昼過ぎ,http://this.kiji.is/1172152013375291877?c=134733695793120758
2024-05-25,未明,東京都文京区白山１丁目,東京都,声かけ,False,（東京）文京区白山１丁目で声かけ　５月２５日未明,http://this.kiji.is/1166922022965723778?c=134733695793120758
2024-05-25,未明,東京都国立市富士見台３丁目,東京都,痴漢,False,（東京）国立市富士見台３丁目で痴漢　５月２５日未明,http://this.kiji.is/1166906795997659647?c=134733695793120758
2024-04-22,朝,東京都千代田区富士見２丁目,東京都,つきまとい,False,（東京）千代田区富士見２丁目でつきまとい　４月２２日朝,http://this.kiji.is/1154961264603136637?c=134733695793120758
2024-06-08,昼,東京都足立区南花畑１丁目付近,東京都,卑わいな声かけ,False,（東京）足立区南花畑１丁目付近で卑わいな声かけ類似行為　６月８日昼,http://this.kiji.is/1172060118620504168?c=134733695793120758
2024-04-21,昼前,東京都八王子市寺町,東京都,下半身露出,False,（東京）八王子市寺町で下半身露出　４月２１日昼前,http://this.kiji.is/1154769667161031100?c=134733695793120758
2024-04-21,夕方,東京都葛飾区東金町３丁目,東京都,暴言,False,（東京）葛飾区東金町３丁目で暴言　４月２１日夕方,http://this.kiji.is/1154769199274656725?c=134733695793120758
2024-04-21,午後,東京都板橋区向原３丁目,東京都,つきまとい,False,（東京）板橋区向原３丁目でつきまとい　４月２１日午後,http://this.kiji.is/1154768087343022921?c=134733695793120758
2024-04-20,夜,東京都大田区東雪谷４丁目,東京都,痴漢,False,（東京）大田区東雪谷４丁目で痴漢　４月２０日夜,http://this.kiji.is/1154766947475161738?c=134733695793120758
2024-05-24,午後,東京都八王子市長沼町,東京都,凝視,False,（東京）八王子市長沼町で凝視　５月２４日午後,http://this.kiji.is/1166729163790778461?c=134733695793120758
2024-06-08,朝,東京都大田区羽田空港１丁目,東京都,下半身露出,False,（東京）大田区羽田空港１丁目で下半身露出　６月８日朝,http://this.kiji.is/1172036545529201626?c=134733695793120758
2024-05-24,夕方,東京都板橋区徳丸６丁目,東京都,声かけ,False,（東京）板橋区徳丸６丁目で声かけ　５月２４日夕方,http://this.kiji.is/1166722254522810976?c=134733695793120758
2024-05-24,夕方,東京都練馬区北町２丁目,東京都,声かけ,False,（東京）練馬区北町２丁目で声かけ　５月２４日夕方,http://this.kiji.is/1166717949562585901?c=134733695793120758
2024-04-20,午後,東京都世田谷区成城５丁目,東京都,危険物所持,False,（東京）世田谷区成城５丁目で危険物所持の疑い　４月２０日午後,http://this.kiji.is/1154545235041092055?c=134733695793120758
2024-05-24,午後,東京都日野市高幡,東京都,声かけ,False,（東京）日野市高幡で声かけ　５月２４日午後,http://this.kiji.is/1166684156051686158?c=134733695793120758
2024-05-22,夕方,東京都江東区塩浜２丁目,東京都,つきまとい,False,（東京）江東区塩浜２丁目でつきまとい　５月２２日夕方,http://this.kiji.is/1166681396116439488?c=134733695793120758
2024-05-22,夜,東京都多摩市豊ケ丘２丁目,東京都,声かけ,False,（東京）多摩市豊ケ丘２丁目で声かけ　５月２２日夜,http://this.kiji.is/1166680249438913014?c=134733695793120758
2024-04-20,夜,東京都江戸川区南篠崎町４丁目,東京都,下半身露出,False,（東京）江戸川区南篠崎町４丁目で下半身露出　４月２０日夜,http://this.kiji.is/1154520384322257210?c=134733695793120758
2024-04-20,夕方,東京都東大和市新堀３丁目,東京都,声かけ,False,（東京）東大和市新堀３丁目で声かけ　４月２０日夕方,http://this.kiji.is/1154380434242011565?c=134733695793120758
2024-06-08,朝,東京都新宿区下落合４丁目,東京都,痴漢,False,（東京）新宿区下落合４丁目で痴漢　６月８日朝,http://this.kiji.is/1172002707782123626?c=134733695793120758
2024-05-24,午後,東京都中央区日本橋浜町,東京都,不審な接触,False,（東京）中央区日本橋浜町で不審な接触　５月２４日午後,http://this.kiji.is/1166659494239978100?c=134733695793120758
2024-04-20,午後,東京都練馬区西大泉５丁目,東京都,声かけ,False,（東京）練馬区西大泉５丁目で声かけ　４月２０日午後,http://this.kiji.is/1154347289931284711?c=134733695793120758
2024-04-20,朝,東京都足立区千住河原町,東京都,盗撮,False,（東京）足立区千住河原町で盗撮　４月２０日朝,http://this.kiji.is/1154282011958886686?c=134733695793120758
2024-06-07,夕方,東京都荒川区荒川８丁目,東京都,声かけ,False,（東京）荒川区荒川８丁目で声かけ　６月７日夕方,http://this.kiji.is/1171973847375954277?c=134733695793120758
2024-06-07,深夜,東京都世田谷区上北沢４丁目,東京都,つきまとい,False,（東京）世田谷区上北沢４丁目でつきまとい　６月７日深夜,http://this.kiji.is/1171971901519102899?c=134733695793120758
2024-06-07,夜,東京都府中市四谷１丁目,東京都,痴漢,False,（東京）府中市四谷１丁目で痴漢　６月７日夜,http://this.kiji.is/1171969428940964110?c=134733695793120758
2024-06-07,夕方,東京都千代田区丸の内１丁目,東京都,痴漢,False,（東京）千代田区丸の内１丁目で痴漢　６月７日夕方,http://this.kiji.is/1171966781135045359?c=134733695793120758
2024-06-06,夕方,東京都品川区東品川２丁目付近,東京都,盗撮,False,（東京）品川区東品川２丁目付近で盗撮　６月６日夕方,http://this.kiji.is/1171824536437998554?c=134733695793120758
2024-06-06,夕方,東京都世田谷区池尻３丁目,東京都,声かけ,False,（東京）世田谷区池尻３丁目で声かけ　６月６日夕方,http://this.kiji.is/1171820290628518276?c=134733695793120758
2024-05-24,午前,東京都多摩市唐木田１丁目,東京都,下半身露出,False,（東京）多摩市唐木田１丁目で下半身露出　５月２４日午前,http://this.kiji.is/1166602955551441438?c=134733695793120758
2024-06-07,午後,東京都世田谷区太子堂３丁目付近,東京都,声かけ,False,（東京）世田谷区太子堂３丁目付近で声かけ　６月７日午後,http://this.kiji.is/1171806401138098579?c=134733695793120758
2024-06-07,夕方,東京都大田区北嶺町,東京都,下半身露出,False,（東京）大田区北嶺町で下半身露出　６月７日夕方,http://this.kiji.is/1171804844805047077?c=134733695793120758
2024-05-24,朝,東京都荒川区西尾久２丁目,東京都,暴行,False,（東京）荒川区西尾久２丁目で暴行　５月２４日朝［解決］,http://this.kiji.is/1166588449578894192?c=134733695793120758
2024-04-18,昼過ぎ,東京都葛飾区青戸１丁目,東京都,声かけ,False,（東京）葛飾区青戸１丁目で声かけ　４月１８日昼過ぎ,http://this.kiji.is/1154209167227699354?c=134733695793120758
2024-04-19,深夜,東京都文京区後楽２丁目,東京都,つきまとい,False,（東京）文京区後楽２丁目でつきまとい　４月１９日深夜,http://this.kiji.is/1154208087101685944?c=134733695793120758
2024-04-19,夜,東京都江戸川区松江４丁目,東京都,下半身露出,False,（東京）江戸川区松江４丁目で下半身露出　４月１９日夜,http://this.kiji.is/1154205797342396467?c=134733695793120758
2024-04-19,夕方,東京都八王子市めじろ台４丁目,東京都,声かけ,False,（東京）八王子市めじろ台４丁目で声かけ　４月１９日夕方,http://this.kiji.is/1154053237913878898?c=134733695793120758
2024-06-07,午後,東京都八王子市散田町５丁目,東京都,つきまとい,False,（東京）八王子市散田町５丁目でつきまとい　６月７日午後,http://this.kiji.is/1171749648368828898?c=134733695793120758
2024-06-07,午後,東京都文京区本駒込６丁目,東京都,声かけ,False,（東京）文京区本駒込６丁目で声かけ　６月７日午後,http://this.kiji.is/1171746139977007328?c=134733695793120758
2024-06-06,午後,東京都江東区南砂６丁目,東京都,痴漢,False,（東京）江東区南砂６丁目で痴漢　６月６日午後,http://this.kiji.is/1171721703981990630?c=134733695793120758
2024-05-23,夕方,東京都武蔵野市八幡町４丁目,東京都,つきまとい,False,（東京）武蔵野市八幡町４丁目でつきまとい　５月２３日夕方,http://this.kiji.is/1166468248922292340?c=134733695793120758
2024-04-19,午後,東京都板橋区大山金井町,東京都,金銭要求,False,（東京）板橋区大山金井町で金銭要求　４月１９日午後,http://this.kiji.is/1154008652409439094?c=134733695793120758
2024-05-23,夕方,東京都江戸川区中葛西６丁目,東京都,下半身露出,False,（東京）江戸川区中葛西６丁目で下半身露出　５月２３日夕方,http://this.kiji.is/1166375776834699593?c=134733695793120758
2024-06-07,昼,東京都台東区浅草２丁目,東京都,痴漢,False,（東京）台東区浅草２丁目で痴漢　６月７日昼,http://this.kiji.is/1171683439495512139?c=134733695793120758
2024-06-06,夕方,東京都東村山市富士見町１丁目,東京都,下半身露出,False,（東京）東村山市富士見町１丁目で下半身露出　６月６日夕方,http://this.kiji.is/1171669611519312839?c=134733695793120758
2024-05-22,午後,東京都北区東十条４丁目,東京都,暴行,False,（東京）北区東十条４丁目で暴行　５月２２日午後,http://this.kiji.is/1166367312993714687?c=134733695793120758
2024-05-23,午後,東京都港区麻布十番３丁目,東京都,声かけ,False,（東京）港区麻布十番３丁目で声かけ　５月２３日午後,http://this.kiji.is/1166356919289168284?c=134733695793120758
2024-05-23,夕方,東京都墨田区立花６丁目,東京都,痴漢,False,（東京）墨田区立花６丁目で痴漢　５月２３日夕方［解決］,http://this.kiji.is/1166353487376696224?c=134733695793120758
2024-05-23,午後,東京都江戸川区西葛西７丁目付近,東京都,声かけ,False,（東京）江戸川区西葛西７丁目付近で声かけ　５月２３日午後,http://this.kiji.is/1166296312440242282?c=134733695793120758
2024-04-07,,東京都町田市相原町,東京都,自動車盗,False,（東京）町田市相原町で自動車盗　４月７日から１３日,http://this.kiji.is/1153893029540544939?c=134733695793120758
2024-05-23,午後,東京都港区麻布十番３丁目付近,東京都,声かけ,False,（東京）港区麻布十番３丁目付近で声かけ　５月２３日午後,http://this.kiji.is/1166277085505994814?c=134733695793120758
2024-04-19,朝,東京都福生市北田園２丁目付近,東京都,下半身露出,False,（東京）福生市北田園２丁目付近で下半身露出　４月１９日朝,http://this.kiji.is/1153878859493965864?c=134733695793120758
2024-04-18,深夜,東京都葛飾区宝町２丁目,東京都,つきまとい,False,（東京）葛飾区宝町２丁目でつきまとい　４月１８日深夜,http://this.kiji.is/1153870160927277514?c=134733695793120758
2024-06-06,深夜,東京都北区滝野川４丁目,東京都,全裸,False,（東京）北区滝野川４丁目で全裸類似行為　６月６日深夜,http://this.kiji.is/1171592837940937380?c=134733695793120758
2024-06-06,朝,東京都武蔵野市吉祥寺北町５丁目,東京都,暴行,False,（東京）武蔵野市吉祥寺北町５丁目で暴行　６月６日朝,http://this.kiji.is/1171590210338308553?c=134733695793120758
2024-05-23,朝,東京都日野市平山６丁目,東京都,声かけ,False,（東京）日野市平山６丁目で声かけ　５月２３日朝,http://this.kiji.is/1166231971386868069?c=134733695793120758
2024-05-31,夜,東京都八王子市大塚,東京都,痴漢,False,（東京）八王子市大塚で痴漢　５月３１日夜,http://this.kiji.is/1171450149566153577?c=134733695793120758
2024-05-17,,東京都中野区鷺宮４丁目,東京都,車上狙い,False,（東京）中野区鷺宮４丁目で車上狙い　５月１７日,http://this.kiji.is/1166204833996931761?c=134733695793120758
2024-06-05,夕方,東京都新宿区市谷加賀町１丁目,東京都,下半身露出,False,（東京）新宿区市谷加賀町１丁目で下半身露出　６月５日夕方,http://this.kiji.is/1171444601665454678?c=134733695793120758
2024-06-06,夕方,東京都足立区弘道１丁目,東京都,痴漢,False,（東京）足立区弘道１丁目で痴漢　６月６日夕方,http://this.kiji.is/1171442102112944765?c=134733695793120758
2024-06-06,未明,東京都国分寺市東元町１丁目,東京都,声かけ,False,（東京）国分寺市東元町１丁目で声かけ　６月６日未明,http://this.kiji.is/1171441144406376485?c=134733695793120758
2024-05-22,夕方,東京都多摩市諏訪付近,東京都,菓子譲渡,False,（東京）多摩市諏訪付近で菓子譲渡　５月２２日夕方,http://this.kiji.is/1166197339993620651?c=134733695793120758
2024-05-22,夕方,東京都江戸川区中葛西１丁目付近,東京都,暴行,False,（東京）江戸川区中葛西１丁目付近で暴行　５月２２日夕方,http://this.kiji.is/1166186410951639994?c=134733695793120758
2024-06-05,夕方,東京都中央区築地６丁目,東京都,声かけ,False,（東京）中央区築地６丁目で声かけ　６月５日夕方,http://this.kiji.is/1171406651979759942?c=134733695793120758
2024-06-06,夕方,東京都杉並区井草２丁目,東京都,下半身露出,False,（東京）杉並区井草２丁目で下半身露出　６月６日夕方,http://this.kiji.is/1171404395071701505?c=134733695793120758
2024-05-14,夕方,東京都足立区大谷田３丁目,東京都,痴漢,False,（東京）足立区大谷田３丁目で痴漢　５月１４日夕方,http://this.kiji.is/1166179289692635549?c=134733695793120758
2024-06-06,昼過ぎ,東京都目黒区駒場１丁目,東京都,声かけ,False,（東京）目黒区駒場１丁目で声かけ　６月６日昼過ぎ,http://this.kiji.is/1171362468272652562?c=134733695793120758
2024-06-06,午後,東京都足立区竹の塚１丁目,東京都,つきまとい,False,（東京）足立区竹の塚１丁目でつきまとい　６月６日午後,http://this.kiji.is/1171357956381148149?c=134733695793120758
2024-06-04,夕方,東京都八王子市下柚木２丁目,東京都,声かけ,False,（東京）八王子市下柚木２丁目で声かけ　６月４日夕方,http://this.kiji.is/1171319600072868074?c=134733695793120758
2024-05-22,夜,東京都中野区若宮３丁目,東京都,痴漢,False,（東京）中野区若宮３丁目で痴漢　５月２２日夜,http://this.kiji.is/1166117858793849496?c=134733695793120758
2024-05-22,夜,東京都中野区沼袋１丁目,東京都,声かけ,False,（東京）中野区沼袋１丁目で声かけ　５月２２日夜,http://this.kiji.is/1166116201059205501?c=134733695793120758
2024-05-22,深夜,東京都武蔵野市境南町１丁目,東京都,下半身露出,False,（東京）武蔵野市境南町１丁目で下半身露出　５月２２日深夜,http://this.kiji.is/1166113701232394531?c=134733695793120758
2024-05-22,深夜,東京都国立市東３丁目,東京都,つきまとい,False,（東京）国立市東３丁目でつきまとい　５月２２日深夜,http://this.kiji.is/1166112599276520434?c=134733695793120758
2024-05-22,夕方,東京都町田市小山町,東京都,声かけ,False,（東京）町田市小山町で声かけ　５月２２日夕方,http://this.kiji.is/1166018067617039035?c=134733695793120758
2024-04-17,,東京都足立区綾瀬４丁目,東京都,痴漢,False,（東京）足立区綾瀬４丁目で痴漢　４月１７日［解決］,http://this.kiji.is/1153589460414005824?c=134733695793120758
2024-04-17,昼過ぎ,東京都昭島市宮沢町１丁目,東京都,体液かけ,False,（東京）昭島市宮沢町１丁目で体液かけ　４月１７日昼過ぎ,http://this.kiji.is/1153535936689504417?c=134733695793120758
2024-05-22,夕方,東京都足立区千住中居町,東京都,痴漢,False,（東京）足立区千住中居町で痴漢　５月２２日夕方,http://this.kiji.is/1165992084173734485?c=134733695793120758
2024-05-22,朝,東京都中野区中央４丁目,東京都,盗撮,False,（東京）中野区中央４丁目で盗撮　５月２２日朝,http://this.kiji.is/1165979518565253785?c=134733695793120758
2024-05-07,,東京都足立区足立４丁目,東京都,ひったくり,False,（東京）足立区足立４丁目でひったくり　５月７日［解決］,http://this.kiji.is/1171263314917278418?c=134733695793120758
2024-06-05,午後,東京都東久留米市前沢３丁目,東京都,つきまとい,False,（東京）東久留米市前沢３丁目でつきまとい　６月５日午後,http://this.kiji.is/1171259920909844601?c=134733695793120758
2024-04-17,深夜,東京都足立区花畑４丁目,東京都,下半身露出,False,（東京）足立区花畑４丁目で下半身露出　４月１７日深夜,http://this.kiji.is/1153493481465544915?c=134733695793120758
2024-04-17,深夜,東京都大田区大森西６丁目,東京都,下半身露出,False,（東京）大田区大森西６丁目で下半身露出　４月１７日深夜,http://this.kiji.is/1153492765929488945?c=134733695793120758
2024-05-12,,東京都多摩市永山,東京都,バイク盗,False,（東京）多摩市永山でバイク盗　５月１２日から１８日,http://this.kiji.is/1165903903940543253?c=134733695793120758
2024-05-12,,東京都多摩市南野,東京都,バイク盗,False,（東京）多摩市南野でバイク盗複数　５月１２日から１８日,http://this.kiji.is/1165903212420858336?c=134733695793120758
2024-05-12,,東京都多摩市落合,東京都,自動車盗,False,（東京）多摩市落合で自動車盗　５月１２日から１８日,http://this.kiji.is/1165902430573724653?c=134733695793120758
2024-04-15,昼過ぎ,東京都八王子市南大沢５丁目,東京都,声かけ,False,（東京）八王子市南大沢５丁目で声かけ　４月１５日昼過ぎ,http://this.kiji.is/1153462826734879655?c=134733695793120758
2024-06-05,夕方,東京都八王子市長沼町,東京都,声かけ,False,（東京）八王子市長沼町で声かけ　６月５日夕方,http://this.kiji.is/1171228318239752856?c=134733695793120758
2024-06-06,早朝,東京都港区六本木２丁目,東京都,つきまとい,False,（東京）港区六本木２丁目でつきまとい　６月６日早朝,http://this.kiji.is/1171227347296125541?c=134733695793120758
2024-04-17,夕方,東京都渋谷区笹塚２丁目,東京都,下半身露出,False,（東京）渋谷区笹塚２丁目で下半身露出　４月１７日夕方,http://this.kiji.is/1153320004885807751?c=134733695793120758
2024-06-05,夕方,東京都練馬区高松３丁目,東京都,下半身露出,False,（東京）練馬区高松３丁目で下半身露出　６月５日夕方,http://this.kiji.is/1171084512158810673?c=134733695793120758
2024-06-05,夕方,東京都新宿区中落合４丁目,東京都,つきまとい,False,（東京）新宿区中落合４丁目でつきまとい　６月５日夕方,http://this.kiji.is/1171082188906201374?c=134733695793120758
2024-04-17,朝,東京都板橋区仲町,東京都,声かけ,False,（東京）板橋区仲町で声かけ　４月１７日朝,http://this.kiji.is/1153310564362044114?c=134733695793120758
2024-06-05,午後,東京都葛飾区立石８丁目,東京都,下半身露出,False,（東京）葛飾区立石８丁目で下半身露出　６月５日午後,http://this.kiji.is/1171080962598011057?c=134733695793120758
2024-05-21,夕方,東京都杉並区梅里２丁目,東京都,声かけ,False,（東京）杉並区梅里２丁目で声かけ　５月２１日夕方,http://this.kiji.is/1165837056892716027?c=134733695793120758
2024-05-21,夕方,東京都杉並区高円寺北３丁目,東京都,声かけ,False,（東京）杉並区高円寺北３丁目で声かけ　５月２１日夕方,http://this.kiji.is/1165832666027475004?c=134733695793120758
2024-04-17,朝,東京都八王子市石川町,東京都,声かけ,False,（東京）八王子市石川町で声かけ　４月１７日朝［解決］,http://this.kiji.is/1153298311788478986?c=134733695793120758
2024-06-05,午後,東京都八王子市下柚木,東京都,つきまとい,False,（東京）八王子市下柚木でつきまとい　６月５日午後,http://this.kiji.is/1171058177573830818?c=134733695793120758
2024-04-17,昼,東京都武蔵野市境５丁目,東京都,つきまとい,False,（東京）武蔵野市境５丁目でつきまとい　４月１７日昼,http://this.kiji.is/1153272156119974539?c=134733695793120758
2024-04-17,午後,東京都八王子市万町,東京都,下半身露出,False,（東京）八王子市万町で下半身露出　４月１７日午後,http://this.kiji.is/1153247208382398510?c=134733695793120758
2024-04-16,午後,東京都江戸川区南篠崎町１丁目付近,東京都,声かけ,False,（東京）江戸川区南篠崎町１丁目付近で声かけ　４月１６日午後,http://this.kiji.is/1153243685075272319?c=134733695793120758
2024-04-16,午後,東京都江戸川区南篠崎町１丁目付近,東京都,盗撮,False,（東京）江戸川区南篠崎町１丁目付近で盗撮　４月１６日午後,http://this.kiji.is/1153241732535108582?c=134733695793120758
2024-06-05,午後,東京都小平市大沼町１丁目,東京都,下半身露出,False,（東京）小平市大沼町１丁目で下半身露出　６月５日午後,http://this.kiji.is/1171032324939547604?c=134733695793120758
2024-06-04,夕方,東京都北区赤羽南１丁目,東京都,声かけ,False,（東京）北区赤羽南１丁目で声かけ　６月４日夕方,http://this.kiji.is/1170993241218072927?c=134733695793120758
2024-05-22,未明,東京都千代田区外神田２丁目,東京都,全裸,False,（東京）千代田区外神田２丁目で全裸　５月２２日未明,http://this.kiji.is/1165790815241225164?c=134733695793120758
2024-06-03,午後,東京都中野区若宮２丁目,東京都,暴行,False,（東京）中野区若宮２丁目で暴行　６月３日午後［解決］,http://this.kiji.is/1170978755931161402?c=134733695793120758
2024-05-27,,東京都八王子市片倉町,東京都,車上狙い,False,（東京）八王子市片倉町で車上狙い　５月２７日,http://this.kiji.is/1170947855322596269?c=134733695793120758
2024-05-21,午後,東京都江戸川区瑞江２丁目,東京都,つきまとい,False,（東京）江戸川区瑞江２丁目でつきまとい　５月２１日午後,http://this.kiji.is/1165653938997051544?c=134733695793120758
2024-05-20,夜,東京都町田市小山町,東京都,つきまとい,False,（東京）町田市小山町でつきまとい　５月２０日夜,http://this.kiji.is/1165648193949598466?c=134733695793120758
2024-05-21,夕方,東京都練馬区下石神井６丁目,東京都,下半身露出,False,（東京）練馬区下石神井６丁目で下半身露出　５月２１日夕方,http://this.kiji.is/1165646498388852979?c=134733695793120758
2024-06-03,夕方,東京都江戸川区西小岩２丁目付近,東京都,暴行,False,（東京）江戸川区西小岩２丁目付近で暴行未遂　６月３日夕方,http://this.kiji.is/1170914643790299492?c=134733695793120758
2024-05-21,夕方,東京都中野区江原町２丁目,東京都,つきまとい,False,（東京）中野区江原町２丁目でつきまとい　５月２１日夕方,http://this.kiji.is/1165628906182574554?c=134733695793120758
2024-05-21,夕方,東京都青梅市大門２丁目,東京都,声かけ,False,（東京）青梅市大門２丁目で声かけ　５月２１日夕方,http://this.kiji.is/1165600393209233913?c=134733695793120758
2024-05-21,午後,東京都新宿区細工町,東京都,つきまとい,False,（東京）新宿区細工町でつきまとい　５月２１日午後,http://this.kiji.is/1165551740005925146?c=134733695793120758
2024-06-04,深夜,東京都杉並区高円寺南１丁目,東京都,痴漢,False,（東京）杉並区高円寺南１丁目で痴漢　６月４日深夜,http://this.kiji.is/1170904357651497511?c=134733695793120758
2024-06-04,夜,東京都杉並区松ノ木１丁目,東京都,撮影,False,（東京）杉並区松ノ木１丁目で撮影　６月４日夜,http://this.kiji.is/1170903130828816552?c=134733695793120758
2024-06-03,夕方,東京都西東京市南町５丁目,東京都,声かけ,False,（東京）西東京市南町５丁目で声かけ　６月３日夕方,http://this.kiji.is/1170901104009151434?c=134733695793120758
2024-04-15,朝,東京都東久留米市新川町１丁目,東京都,声かけ,False,（東京）東久留米市新川町１丁目で声かけ　４月１５日朝,http://this.kiji.is/1152945797747261597?c=134733695793120758
2024-06-05,未明,東京都日野市日野,東京都,痴漢,False,（東京）日野市日野で痴漢　６月５日未明,http://this.kiji.is/1170894774484812279?c=134733695793120758
2024-06-04,昼過ぎ,東京都台東区今戸１丁目,東京都,痴漢,False,（東京）台東区今戸１丁目で痴漢　６月４日昼過ぎ,http://this.kiji.is/1170878659213344909?c=134733695793120758
2024-05-20,夕方,東京都江戸川区西瑞江４丁目付近,東京都,つきまとい,False,（東京）江戸川区西瑞江４丁目付近でつきまとい　５月２０日夕方,http://this.kiji.is/1165509585689314031?c=134733695793120758
2024-04-16,昼過ぎ,東京都八王子市散田町５丁目,東京都,声かけ,False,（東京）八王子市散田町５丁目で声かけ　４月１６日昼過ぎ,http://this.kiji.is/1152909369544278495?c=134733695793120758
2024-04-16,午後,東京都足立区千住曙町,東京都,痴漢,False,（東京）足立区千住曙町で痴漢　４月１６日午後,http://this.kiji.is/1152877334217703435?c=134733695793120758
2024-05-21,朝,東京都小平市仲町,東京都,つきまとい,False,（東京）小平市仲町でつきまとい　５月２１日朝,http://this.kiji.is/1165497024221135255?c=134733695793120758
2024-05-30,夜,東京都八王子市小比企町,東京都,声かけ,False,（東京）八王子市小比企町で声かけ　５月３０日夜,http://this.kiji.is/1170834984407548448?c=134733695793120758
2024-04-16,昼過ぎ,東京都青梅市友田町３丁目,東京都,つきまとい,False,（東京）青梅市友田町３丁目でつきまとい　４月１６日昼過ぎ,http://this.kiji.is/1152847709773857271?c=134733695793120758
2024-04-15,,東京都杉並区清水２丁目,東京都,声かけ,False,（東京）杉並区清水２丁目で声かけ　４月１５日［解決］,http://this.kiji.is/1152815789526074045?c=134733695793120758
2024-04-16,早朝,東京都武蔵野市桜堤３丁目,東京都,全裸,False,（東京）武蔵野市桜堤３丁目で全裸　４月１６日早朝,http://this.kiji.is/1152800950855631360?c=134733695793120758
2024-05-20,夕方,東京都八王子市川口町,東京都,痴漢,False,（東京）八王子市川口町で痴漢　５月２０日夕方,http://this.kiji.is/1165396955143291306?c=134733695793120758
2024-06-04,午後,東京都墨田区墨田２丁目,東京都,声かけ,False,（東京）墨田区墨田２丁目で声かけ　６月４日午後,http://this.kiji.is/1170699722395042801?c=134733695793120758
2024-05-20,夜,東京都八王子市中野山王３丁目,東京都,下半身露出,False,（東京）八王子市中野山王３丁目で下半身露出　５月２０日夜,http://this.kiji.is/1165396394150265298?c=134733695793120758
2024-05-20,深夜,東京都世田谷区粕谷３丁目,東京都,つきまとい,False,（東京）世田谷区粕谷３丁目でつきまとい　５月２０日深夜,http://this.kiji.is/1165395842687009560?c=134733695793120758
2024-05-20,夕方,東京都品川区小山６丁目,東京都,痴漢,False,（東京）品川区小山６丁目で痴漢　５月２０日夕方,http://this.kiji.is/1165394331867168996?c=134733695793120758
2024-06-04,午後,東京都世田谷区弦巻３丁目,東京都,下半身露出,False,（東京）世田谷区弦巻３丁目で下半身露出　６月４日午後,http://this.kiji.is/1170685369307595262?c=134733695793120758
2024-06-04,夕方,東京都北区中里２丁目,東京都,公然わいせつ,False,（東京）北区中里２丁目で公然わいせつ類似行為　６月４日夕方,http://this.kiji.is/1170684692829995690?c=134733695793120758
2024-06-04,夕方,東京都板橋区小茂根１丁目付近,東京都,声かけ,False,（東京）板橋区小茂根１丁目付近で声かけ　６月４日夕方,http://this.kiji.is/1170672287113216907?c=134733695793120758
2024-05-20,夕方,東京都国分寺市内藤２丁目,東京都,声かけ,False,（東京）国分寺市内藤２丁目で声かけ　５月２０日夕方,http://this.kiji.is/1165291120206545239?c=134733695793120758
2024-05-20,夕方,東京都杉並区本天沼１丁目,東京都,声かけ,False,（東京）杉並区本天沼１丁目で声かけ　５月２０日夕方,http://this.kiji.is/1165290033558257838?c=134733695793120758
2024-04-15,深夜,東京都大田区千鳥２丁目,東京都,盗撮,False,（東京）大田区千鳥２丁目で盗撮　４月１５日深夜,http://this.kiji.is/1152764372834435555?c=134733695793120758
2024-06-04,午後,東京都昭島市緑町２丁目,東京都,強盗,False,（東京）昭島市緑町２丁目で強盗　６月４日午後,http://this.kiji.is/1170623764348600365?c=134733695793120758
2024-04-16,未明,東京都中野区中央３丁目,東京都,下半身露出,False,（東京）中野区中央３丁目で下半身露出　４月１６日未明,http://this.kiji.is/1152670801121166289?c=134733695793120758
2024-04-15,夕方,東京都八王子市南大沢５丁目,東京都,声かけ,False,（東京）八王子市南大沢５丁目で声かけ　４月１５日夕方,http://this.kiji.is/1152628486907659003?c=134733695793120758
2024-04-15,午後,東京都板橋区高島平７丁目,東京都,モノかけ,False,（東京）板橋区高島平７丁目でモノかけ　４月１５日午後,http://this.kiji.is/1152521151781094128?c=134733695793120758
2024-06-04,昼,東京都台東区浅草１丁目,東京都,痴漢,False,（東京）台東区浅草１丁目で痴漢　６月４日昼,http://this.kiji.is/1170569578277667572?c=134733695793120758
2024-05-20,昼,東京都江東区千石２丁目,東京都,下半身露出,False,（東京）江東区千石２丁目で下半身露出　５月２０日昼,http://this.kiji.is/1165204994582479670?c=134733695793120758
2024-04-15,昼過ぎ,東京都新宿区富久町,東京都,下半身露出,False,（東京）新宿区富久町で下半身露出　４月１５日昼過ぎ,http://this.kiji.is/1152509852159115843?c=134733695793120758
2024-05-18,深夜,東京都東村山市美住町１丁目,東京都,痴漢,False,（東京）東村山市美住町１丁目で痴漢　５月１８日深夜,http://this.kiji.is/1165186136179213095?c=134733695793120758
2024-06-03,朝,東京都多摩市山王下１丁目,東京都,下半身露出,False,（東京）多摩市山王下１丁目で下半身露出　６月３日朝,http://this.kiji.is/1170537283878552374?c=134733695793120758
2024-06-03,夜,東京都東村山市富士見町５丁目付近,東京都,つきまとい,False,（東京）東村山市富士見町５丁目付近でつきまとい　６月３日夜,http://this.kiji.is/1170524339757532023?c=134733695793120758
2024-05-17,夕方,東京都江戸川区東小岩１丁目付近,東京都,凝視,False,（東京）江戸川区東小岩１丁目付近で凝視類似行為　５月１７日夕方,http://this.kiji.is/1165133053786259817?c=134733695793120758
2024-04-14,夜,東京都品川区東大井５丁目,東京都,盗撮,False,（東京）品川区東大井５丁目で盗撮　４月１４日夜,http://this.kiji.is/1152396510414176998?c=134733695793120758
2024-05-19,夜,東京都足立区古千谷本町４丁目付近,東京都,風呂場盗撮,False,（東京）足立区古千谷本町４丁目付近で風呂場盗撮の疑い　５月１９日夜,http://this.kiji.is/1165129401150177446?c=134733695793120758
2024-06-03,早朝,東京都江戸川区北小岩６丁目,東京都,下半身露出,False,（東京）江戸川区北小岩６丁目で下半身露出　６月３日早朝,http://this.kiji.is/1170514834553045309?c=134733695793120758
2024-05-20,未明,東京都墨田区東向島６丁目,東京都,痴漢,False,（東京）墨田区東向島６丁目で痴漢　５月２０日未明,http://this.kiji.is/1165118402418819165?c=134733695793120758
2024-05-19,深夜,東京都板橋区常盤台１丁目,東京都,つきまとい,False,（東京）板橋区常盤台１丁目でつきまとい　５月１９日深夜,http://this.kiji.is/1165044566706422767?c=134733695793120758
2024-04-14,午後,東京都大田区大森西４丁目,東京都,下半身露出,False,（東京）大田区大森西４丁目で下半身露出　４月１４日午後,http://this.kiji.is/1152243766674030836?c=134733695793120758
2024-04-14,夕方,東京都文京区湯島２丁目,東京都,声かけ,False,（東京）文京区湯島２丁目で声かけ　４月１４日夕方,http://this.kiji.is/1152177082719142214?c=134733695793120758
2024-05-19,昼,東京都目黒区五本木１丁目付近,東京都,下半身露出,False,（東京）目黒区五本木１丁目付近で下半身露出　５月１９日昼,http://this.kiji.is/1164825984450740398?c=134733695793120758
2024-06-03,夕方,東京都墨田区墨田３丁目,東京都,声かけ,False,（東京）墨田区墨田３丁目で声かけ　６月３日夕方,http://this.kiji.is/1170336970780574268?c=134733695793120758
2024-06-03,夕方,東京都板橋区高島平５丁目,東京都,盗撮,False,（東京）板橋区高島平５丁目で盗撮　６月３日夕方,http://this.kiji.is/1170320183031383013?c=134733695793120758
2024-06-03,夕方,東京都世田谷区上祖師谷３丁目,東京都,盗撮,False,（東京）世田谷区上祖師谷３丁目で盗撮　６月３日夕方,http://this.kiji.is/1170307823275246282?c=134733695793120758
2024-05-18,夜,東京都多摩市山王下１丁目,東京都,声かけ,False,（東京）多摩市山王下１丁目で声かけ　５月１８日夜,http://this.kiji.is/1164750956941951200?c=134733695793120758
2024-04-13,深夜,東京都板橋区高島平８丁目,東京都,つきまとい,False,（東京）板橋区高島平８丁目でつきまとい　４月１３日深夜,http://this.kiji.is/1152056259053306335?c=134733695793120758
2024-04-13,深夜,東京都町田市小山ケ丘５丁目,東京都,下半身露出,False,（東京）町田市小山ケ丘５丁目で下半身露出　４月１３日深夜,http://this.kiji.is/1151927313668227334?c=134733695793120758
2024-04-13,昼,東京都あきる野市瀬戸岡,東京都,下半身露出,False,（東京）あきる野市瀬戸岡で下半身露出　４月１３日昼,http://this.kiji.is/1151841936134783380?c=134733695793120758
2024-04-13,午後,東京都国立市谷保７丁目,東京都,声かけ,False,（東京）国立市谷保７丁目で声かけ　４月１３日午後,http://this.kiji.is/1151787453372416862?c=134733695793120758
2024-05-19,未明,東京都中野区新井３丁目,東京都,下半身露出,False,（東京）中野区新井３丁目で下半身露出　５月１９日未明,http://this.kiji.is/1164665025264730229?c=134733695793120758
2024-05-18,深夜,東京都中野区東中野３丁目,東京都,つきまとい,False,（東京）中野区東中野３丁目でつきまとい　５月１８日深夜,http://this.kiji.is/1164664288112395000?c=134733695793120758
2024-05-18,夕方,東京都江戸川区上一色１丁目,東京都,下半身露出,False,（東京）江戸川区上一色１丁目で下半身露出　５月１８日夕方,http://this.kiji.is/1164663651217736443?c=134733695793120758
2024-04-13,朝,東京都千代田区九段北４丁目,東京都,スカート内盗撮,False,（東京）千代田区九段北４丁目でスカート内盗撮　４月１３日朝,http://this.kiji.is/1151730363048444113?c=134733695793120758
2024-04-13,朝,東京都瑞穂町高根,東京都,下半身露出,False,（東京）瑞穂町高根で下半身露出　４月１３日朝,http://this.kiji.is/1151716916374815278?c=134733695793120758
2024-04-12,夜,東京都福生市熊川,東京都,身体露出,False,（東京）福生市熊川で身体露出　４月１２日夜,http://this.kiji.is/1151711248297918803?c=134733695793120758
2024-05-31,夕方,東京都江戸川区清新町１丁目付近,東京都,粗暴行為,False,（東京）江戸川区清新町１丁目付近で粗暴行為　５月３１日夕方,http://this.kiji.is/1170208070248448047?c=134733695793120758
2024-06-03,午前,東京都福生市南田園３丁目,東京都,下半身露出,False,（東京）福生市南田園３丁目で下半身露出　６月３日午前,http://this.kiji.is/1170205619778699891?c=134733695793120758
2024-05-27,午後,東京都日野市三沢,東京都,声かけ,False,（東京）日野市三沢で声かけ　５月２７日午後,http://this.kiji.is/1170174983937753651?c=134733695793120758
2024-06-03,朝,東京都八王子市散田町５丁目,東京都,全裸,False,（東京）八王子市散田町５丁目で全裸　６月３日朝［解決］,http://this.kiji.is/1170155912111095862?c=134733695793120758
2024-04-12,夕方,東京都新宿区弁天町,東京都,暴行,False,（東京）新宿区弁天町で暴行　４月１２日夕方,http://this.kiji.is/1151685464319377736?c=134733695793120758
2024-04-12,夕方,東京都足立区足立１丁目,東京都,声かけ,False,（東京）足立区足立１丁目で声かけ　４月１２日夕方,http://this.kiji.is/1151684069288035278?c=134733695793120758
2024-04-13,朝,東京都国立市富士見台４丁目,東京都,下半身露出,False,（東京）国立市富士見台４丁目で下半身露出　４月１３日朝,http://this.kiji.is/1151682651427766535?c=134733695793120758
2024-04-12,午後,東京都港区港南１丁目,東京都,声かけ,False,（東京）港区港南１丁目で声かけ　４月１２日午後,http://this.kiji.is/1151682131526746892?c=134733695793120758
2024-06-02,夜,東京都福生市牛浜,東京都,下半身露出,False,（東京）福生市牛浜で下半身露出　６月２日夜,http://this.kiji.is/1170114831053996034?c=134733695793120758
2024-06-03,未明,東京都中央区新川１丁目,東京都,痴漢,False,（東京）中央区新川１丁目で痴漢　６月３日未明,http://this.kiji.is/1170038970995081445?c=134733695793120758
2024-04-12,夕方,東京都東久留米市本町１丁目,東京都,下半身露出,False,（東京）東久留米市本町１丁目で下半身露出　４月１２日夕方,http://this.kiji.is/1151506154520625231?c=134733695793120758
2024-06-02,朝,東京都杉並区成田東２丁目,東京都,声かけ,False,（東京）杉並区成田東２丁目で声かけ　６月２日朝,http://this.kiji.is/1169976721737876112?c=134733695793120758
2024-06-02,昼前,東京都文京区小石川５丁目,東京都,公然わいせつ,False,（東京）文京区小石川５丁目で公然わいせつ類似行為　６月２日昼前,http://this.kiji.is/1169974864376611390?c=134733695793120758
2024-04-12,昼過ぎ,東京都武蔵野市境南町２丁目,東京都,声かけ,False,（東京）武蔵野市境南町２丁目で声かけ　４月１２日昼過ぎ,http://this.kiji.is/1151437228226363581?c=134733695793120758
2024-05-16,午前,東京都文京区春日１丁目,東京都,痴漢,False,（東京）文京区春日１丁目で痴漢　５月１６日午前,http://this.kiji.is/1164342089518333957?c=134733695793120758
2024-04-12,昼過ぎ,東京都目黒区五本木１丁目付近,東京都,不審な接触,False,（東京）目黒区五本木１丁目付近で不審な接触未遂　４月１２日昼過ぎ,http://this.kiji.is/1151434799401796263?c=134733695793120758
2024-04-11,深夜,東京都町田市森野１丁目,東京都,つきまとい,False,（東京）町田市森野１丁目でつきまとい　４月１１日深夜,http://this.kiji.is/1151424786512479189?c=134733695793120758
2024-05-17,夕方,東京都葛飾区東堀切１丁目,東京都,痴漢,False,（東京）葛飾区東堀切１丁目で痴漢　５月１７日夕方,http://this.kiji.is/1164330911219778215?c=134733695793120758
2024-05-31,深夜,東京都葛飾区新宿５丁目付近,東京都,ひったくり,False,（東京）葛飾区新宿５丁目付近でひったくり　５月３１日深夜,http://this.kiji.is/1169867961066374064?c=134733695793120758
2024-06-01,夜,東京都府中市南町２丁目,東京都,下半身露出,False,（東京）府中市南町２丁目で下半身露出　６月１日夜,http://this.kiji.is/1169857487496364180?c=134733695793120758
2024-05-18,未明,東京都杉並区高井戸東２丁目,東京都,声かけ,False,（東京）杉並区高井戸東２丁目で声かけ　５月１８日未明,http://this.kiji.is/1164257147348271158?c=134733695793120758
2024-05-17,夜,東京都府中市片町３丁目,東京都,声かけ,False,（東京）府中市片町３丁目で声かけ　５月１７日夜,http://this.kiji.is/1164238960813097464?c=134733695793120758
2024-05-17,夕方,東京都三鷹市野崎３丁目付近,東京都,金銭要求,False,（東京）三鷹市野崎３丁目付近で金銭要求　５月１７日夕方,http://this.kiji.is/1164204576195608614?c=134733695793120758
2024-06-01,夕方,東京都八王子市北野台５丁目,東京都,下半身露出,False,（東京）八王子市北野台５丁目で下半身露出　６月１日夕方,http://this.kiji.is/1169613309259924023?c=134733695793120758
2024-06-01,午後,東京都葛飾区小菅３丁目,東京都,痴漢,False,（東京）葛飾区小菅３丁目で痴漢　６月１日午後,http://this.kiji.is/1169612584001995318?c=134733695793120758
2024-05-16,夜,東京都町田市能ケ谷１丁目,東京都,痴漢,False,（東京）町田市能ケ谷１丁目で痴漢　５月１６日夜,http://this.kiji.is/1164155410727961459?c=134733695793120758
2024-05-17,午後,東京都小平市上水新町１丁目,東京都,声かけ,False,（東京）小平市上水新町１丁目で声かけ　５月１７日午後,http://this.kiji.is/1164147393504067933?c=134733695793120758
2024-04-11,夕方,東京都新宿区袋町,東京都,撮影,False,（東京）新宿区袋町で撮影　４月１１日夕方,http://this.kiji.is/1151311551163925224?c=134733695793120758
2024-05-15,夜,東京都町田市原町田６丁目,東京都,下半身露出,False,（東京）町田市原町田６丁目で下半身露出　５月１５日夜,http://this.kiji.is/1164108830018126508?c=134733695793120758
2024-05-31,深夜,東京都江戸川区船堀４丁目,東京都,つきまとい,False,（東京）江戸川区船堀４丁目でつきまとい　５月３１日深夜,http://this.kiji.is/1169556344641978633?c=134733695793120758
2024-05-16,夕方,東京都江戸川区西葛西４丁目付近,東京都,盗撮,False,（東京）江戸川区西葛西４丁目付近で盗撮　５月１６日夕方,http://this.kiji.is/1164095689925444404?c=134733695793120758
2024-05-31,夜,東京都荒川区町屋付近,東京都,不審な接触,False,（東京）荒川区町屋付近で不審な接触　５月３１日夜,http://this.kiji.is/1169525895837433915?c=134733695793120758
2024-05-16,夕方,東京都練馬区練馬１丁目,東京都,不審な言動,False,（東京）練馬区練馬１丁目で不審な言動　５月１６日夕方,http://this.kiji.is/1163997506921988929?c=134733695793120758
2024-05-16,夕方,東京都練馬区豊玉北２丁目,東京都,つきまとい,False,（東京）練馬区豊玉北２丁目でつきまとい　５月１６日夕方,http://this.kiji.is/1163995276151128955?c=134733695793120758
2024-04-11,午後,東京都目黒区東が丘２丁目,東京都,下半身露出,False,（東京）目黒区東が丘２丁目で下半身露出　４月１１日午後,http://this.kiji.is/1151075825999217360?c=134733695793120758
2024-04-11,午後,東京都江東区平野２丁目,東京都,盗撮,False,（東京）江東区平野２丁目で盗撮　４月１１日午後,http://this.kiji.is/1151074056191688908?c=134733695793120758
2024-05-19,,東京都町田市北西部,東京都,バイク盗,False,（東京）町田市北西部でバイク盗　５月１９日から２５日,http://this.kiji.is/1169485691763459023?c=134733695793120758
2024-04-11,午後,東京都文京区本駒込２丁目,東京都,暴行,False,（東京）文京区本駒込２丁目で暴行　４月１１日午後,http://this.kiji.is/1151066482439585877?c=134733695793120758
2024-04-11,午後,東京都大田区大森東１丁目,東京都,下半身露出,False,（東京）大田区大森東１丁目で下半身露出　４月１１日午後,http://this.kiji.is/1151064732221112562?c=134733695793120758
2024-04-11,朝,東京都八王子市八幡町,東京都,つきまとい,False,（東京）八王子市八幡町でつきまとい　４月１１日朝,http://this.kiji.is/1151059269409046715?c=134733695793120758
2024-05-31,夕方,東京都葛飾区東金町２丁目,東京都,不審な接触,False,（東京）葛飾区東金町２丁目で不審な接触　５月３１日夕方,http://this.kiji.is/1169474205301915867?c=134733695793120758
2024-05-31,午後,東京都調布市富士見町２丁目,東京都,つきまとい,False,（東京）調布市富士見町２丁目でつきまとい　５月３１日午後,http://this.kiji.is/1169456414696046953?c=134733695793120758
2024-05-31,夕方,東京都江戸川区南葛西４丁目付近,東京都,声かけ,False,（東京）江戸川区南葛西４丁目付近で声かけ　５月３１日夕方,http://this.kiji.is/1169455650097578587?c=134733695793120758
2024-04-10,夜,東京都東村山市秋津町５丁目,東京都,痴漢,False,（東京）東村山市秋津町５丁目で痴漢　４月１０日夜,http://this.kiji.is/1150985004036374869?c=134733695793120758
2024-05-16,午後,東京都杉並区和田２丁目,東京都,物品譲渡,False,（東京）杉並区和田２丁目で物品譲渡未遂　５月１６日午後,http://this.kiji.is/1163866103098311307?c=134733695793120758
2024-04-10,夕方,東京都八王子市館町,東京都,痴漢,False,（東京）八王子市館町で痴漢　４月１０日夕方,http://this.kiji.is/1150953147077132389?c=134733695793120758
2024-04-10,夕方,東京都大田区矢口２丁目付近,東京都,声かけ,False,（東京）大田区矢口２丁目付近で声かけ　４月１０日夕方,http://this.kiji.is/1150952551925072599?c=134733695793120758
2024-04-10,夕方,東京都府中市西原町３丁目,東京都,つきまとい,False,（東京）府中市西原町３丁目でつきまとい　４月１０日夕方,http://this.kiji.is/1150783265058227129?c=134733695793120758
2024-05-16,午後,東京都新宿区河田町,東京都,声かけ,False,（東京）新宿区河田町で声かけ　５月１６日午後,http://this.kiji.is/1163757884693348497?c=134733695793120758
2024-04-10,夕方,東京都板橋区成増５丁目,東京都,声かけ,False,（東京）板橋区成増５丁目で声かけ　４月１０日夕方,http://this.kiji.is/1150777879211573486?c=134733695793120758
2024-05-16,朝,東京都多摩市東寺方,東京都,危険運転,False,（東京）多摩市東寺方で危険運転　５月１６日朝,http://this.kiji.is/1163736704126484870?c=134733695793120758
2024-04-08,夕方,東京都葛飾区東金町５丁目,東京都,声かけ,False,（東京）葛飾区東金町５丁目で声かけ類似行為　４月８日夕方,http://this.kiji.is/1150737927650067161?c=134733695793120758
2024-04-10,夕方,東京都台東区入谷１丁目付近,東京都,声かけ,False,（東京）台東区入谷１丁目付近で声かけ　４月１０日夕方,http://this.kiji.is/1150715626765287604?c=134733695793120758
2024-04-10,午後,東京都台東区下谷３丁目,東京都,声かけ,False,（東京）台東区下谷３丁目で声かけ　４月１０日午後,http://this.kiji.is/1150695234362524399?c=134733695793120758
2024-03-31,,東京都多摩市落合,東京都,車上狙い,False,（東京）多摩市落合で車上狙い　３月３１日から４月６日,http://this.kiji.is/1150609013841167046?c=134733695793120758
2024-04-09,夕方,東京都足立区保木間２丁目,東京都,つきまとい,False,（東京）足立区保木間２丁目でつきまとい　４月９日夕方,http://this.kiji.is/1150587036858466532?c=134733695793120758
2024-05-14,夜,東京都八王子市大和田町３丁目,東京都,下半身露出,False,（東京）八王子市大和田町３丁目で下半身露出　５月１４日夜,http://this.kiji.is/1163620790486040890?c=134733695793120758
2024-04-09,夜,東京都練馬区東大泉２丁目,東京都,つきまとい,False,（東京）練馬区東大泉２丁目でつきまとい　４月９日夜,http://this.kiji.is/1150570023056736365?c=134733695793120758
2024-05-16,未明,東京都大田区大森西６丁目,東京都,下半身露出,False,（東京）大田区大森西６丁目で下半身露出　５月１６日未明,http://this.kiji.is/1163553182168449120?c=134733695793120758
2024-05-15,夕方,東京都板橋区加賀２丁目,東京都,声かけ,False,（東京）板橋区加賀２丁目で声かけ　５月１５日夕方,http://this.kiji.is/1163469487215805254?c=134733695793120758
2024-05-15,朝,東京都府中市本町３丁目,東京都,つきまとい,False,（東京）府中市本町３丁目でつきまとい　５月１５日朝,http://this.kiji.is/1163466337610793533?c=134733695793120758
2024-05-15,朝,東京都八王子市万町,東京都,痴漢,False,（東京）八王子市万町で痴漢　５月１５日朝,http://this.kiji.is/1163462298763411748?c=134733695793120758
2024-04-06,午後,東京都西東京市下保谷２丁目,東京都,声かけ,False,（東京）西東京市下保谷２丁目で声かけ　４月６日午後,http://this.kiji.is/1150361611186782996?c=134733695793120758
2024-04-09,午後,東京都中央区日本橋人形町３丁目付近,東京都,刃物所持,False,（東京）中央区日本橋人形町３丁目付近で刃物所持　４月９日午後［解決］,http://this.kiji.is/1150331294193861293?c=134733695793120758
2024-05-14,午後,東京都新宿区下落合２丁目,東京都,つきまとい,False,（東京）新宿区下落合２丁目でつきまとい　５月１４日午後,http://this.kiji.is/1163395274440492025?c=134733695793120758
2024-05-15,昼過ぎ,東京都町田市小山町,東京都,下半身露出,False,（東京）町田市小山町で下半身露出　５月１５日昼過ぎ,http://this.kiji.is/1163393312142427036?c=134733695793120758
2024-05-15,昼過ぎ,東京都新宿区細工町,東京都,声かけ,False,（東京）新宿区細工町で声かけ　５月１５日昼過ぎ,http://this.kiji.is/1163382790492013145?c=134733695793120758
2024-05-15,午後,東京都八王子市鑓水２丁目,東京都,声かけ,False,（東京）八王子市鑓水２丁目で声かけ　５月１５日午後,http://this.kiji.is/1163379514834076519?c=134733695793120758
2024-05-15,午後,東京都青梅市新町２丁目,東京都,暴行,False,（東京）青梅市新町２丁目で暴行未遂　５月１５日午後,http://this.kiji.is/1163375418322076326?c=134733695793120758
2024-05-14,午後,東京都多摩市貝取１丁目付近,東京都,つきまとい,False,（東京）多摩市貝取１丁目付近でつきまとい　５月１４日午後,http://this.kiji.is/1163341173580546590?c=134733695793120758
2024-04-08,夕方,東京都品川区小山５丁目,東京都,声かけ,False,（東京）品川区小山５丁目で声かけ　４月８日夕方,http://this.kiji.is/1150030100876427871?c=134733695793120758
2024-04-03,,東京都世田谷区粕谷付近,東京都,盗撮,False,（東京）世田谷区粕谷付近で盗撮　４月３日［解決］,http://this.kiji.is/1149979697866228704?c=134733695793120758
2024-05-14,午後,東京都足立区扇１丁目,東京都,声かけ,False,（東京）足立区扇１丁目で声かけ　５月１４日午後,http://this.kiji.is/1163303025958290374?c=134733695793120758
2024-05-14,夜,東京都板橋区常盤台３丁目,東京都,声かけ,False,（東京）板橋区常盤台３丁目で声かけ　５月１４日夜,http://this.kiji.is/1163300584342700179?c=134733695793120758
2024-05-14,朝,東京都江戸川区中葛西５丁目付近,東京都,痴漢,False,（東京）江戸川区中葛西５丁目付近で痴漢未遂　５月１４日朝,http://this.kiji.is/1163286429556752858?c=134733695793120758
2024-04-08,午前,東京都府中市白糸台６丁目付近,東京都,下半身露出,False,（東京）府中市白糸台６丁目付近で下半身露出　４月８日午前,http://this.kiji.is/1149931145049555613?c=134733695793120758
2024-05-10,,東京都千代田区丸の内１丁目,東京都,強盗,False,（東京）千代田区丸の内１丁目で強盗　５月１０日［解決］,http://this.kiji.is/1163244851093602664?c=134733695793120758
2024-04-07,夕方,東京都八王子市丹木町３丁目,東京都,下半身露出,False,（東京）八王子市丹木町３丁目で下半身露出　４月７日夕方,http://this.kiji.is/1149843178442130279?c=134733695793120758
2024-05-14,午前,東京都八王子市千人町１丁目,東京都,下半身露出,False,（東京）八王子市千人町１丁目で下半身露出　５月１４日午前,http://this.kiji.is/1163213365722203008?c=134733695793120758
2024-04-07,深夜,東京都品川区豊町４丁目,東京都,下半身露出,False,（東京）品川区豊町４丁目で下半身露出　４月７日深夜,http://this.kiji.is/1149821846841393736?c=134733695793120758
2024-04-07,昼,東京都八王子市子安町２丁目,東京都,声かけ,False,（東京）八王子市子安町２丁目で声かけ　４月７日昼,http://this.kiji.is/1149625417706947052?c=134733695793120758
2024-04-06,昼過ぎ,東京都足立区入谷４丁目,東京都,つきまとい,False,（東京）足立区入谷４丁目でつきまとい　４月６日昼過ぎ,http://this.kiji.is/1149527735310352716?c=134733695793120758
2024-05-14,昼前,東京都東大和市中央３丁目,東京都,スカート内盗撮,False,（東京）東大和市中央３丁目でスカート内盗撮　５月１４日昼前,http://this.kiji.is/1163108612063691309?c=134733695793120758
2024-05-14,夕方,東京都小平市学園西町２丁目,東京都,痴漢,False,（東京）小平市学園西町２丁目で痴漢　５月１４日夕方,http://this.kiji.is/1163107093505441895?c=134733695793120758
2024-05-14,午後,東京都足立区梅田７丁目,東京都,暴行,False,（東京）足立区梅田７丁目で暴行　５月１４日午後,http://this.kiji.is/1163104653970932192?c=134733695793120758
2024-04-05,夜,東京都千代田区有楽町１丁目付近,東京都,声かけ,False,（東京）千代田区有楽町１丁目付近で声かけ　４月５日夜,http://this.kiji.is/1149270662831506421?c=134733695793120758
2024-05-14,午後,東京都練馬区石神井台１丁目,東京都,声かけ,False,（東京）練馬区石神井台１丁目で声かけ　５月１４日午後,http://this.kiji.is/1163069939841680277?c=134733695793120758
2024-04-06,朝,東京都板橋区三園１丁目,東京都,痴漢,False,（東京）板橋区三園１丁目で痴漢　４月６日朝,http://this.kiji.is/1149164138024042596?c=134733695793120758
2024-04-05,夜,東京都国分寺市東恋ケ窪２丁目,東京都,痴漢,False,（東京）国分寺市東恋ケ窪２丁目で痴漢　４月５日夜,http://this.kiji.is/1149163479328997557?c=134733695793120758
2024-04-05,夜,東京都大田区下丸子２丁目,東京都,下半身露出,False,（東京）大田区下丸子２丁目で下半身露出　４月５日夜,http://this.kiji.is/1149161977298682496?c=134733695793120758
2024-05-14,昼過ぎ,東京都大田区仲六郷２丁目,東京都,切りつけ,False,（東京）大田区仲六郷２丁目で切りつけ　５月１４日昼過ぎ［解決］,http://this.kiji.is/1163011329480491989?c=134733695793120758
2024-05-14,午前,東京都中央区東日本橋２丁目,東京都,痴漢,False,（東京）中央区東日本橋２丁目で痴漢　５月１４日午前,http://this.kiji.is/1162986297910591990?c=134733695793120758
2024-05-13,朝,東京都西東京市南町２丁目,東京都,盗撮,False,（東京）西東京市南町２丁目で盗撮　５月１３日朝,http://this.kiji.is/1162921315992208324?c=134733695793120758
2024-05-13,午後,東京都板橋区徳丸２丁目,東京都,つきまとい,False,（東京）板橋区徳丸２丁目でつきまとい　５月１３日午後,http://this.kiji.is/1162890621828612132?c=134733695793120758
2024-04-04,深夜,東京都中野区上鷺宮５丁目,東京都,下半身露出,False,（東京）中野区上鷺宮５丁目で下半身露出　４月４日深夜,http://this.kiji.is/1148776908880642058?c=134733695793120758
2024-04-04,深夜,東京都中野区鷺宮６丁目,東京都,下半身露出,False,（東京）中野区鷺宮６丁目で下半身露出　４月４日深夜,http://this.kiji.is/1148776211921240451?c=134733695793120758
2024-04-04,深夜,東京都北区浮間１丁目,東京都,強盗,False,（東京）北区浮間１丁目で強盗　４月４日深夜［解決］,http://this.kiji.is/1148758094721384926?c=134733695793120758
2024-05-13,夜,東京都青梅市東青梅２丁目,東京都,つきまとい,False,（東京）青梅市東青梅２丁目でつきまとい　５月１３日夜,http://this.kiji.is/1162872177338089869?c=134733695793120758
2024-04-05,未明,東京都大田区矢口２丁目,東京都,下半身露出,False,（東京）大田区矢口２丁目で下半身露出　４月５日未明,http://this.kiji.is/1148732930212070372?c=134733695793120758
2024-04-04,夕方,東京都西東京市向台町３丁目,東京都,声かけ,False,（東京）西東京市向台町３丁目で声かけ　４月４日夕方,http://this.kiji.is/1148589596326199645?c=134733695793120758
2024-05-13,夜,東京都八王子市めじろ台１丁目,東京都,盗撮,False,（東京）八王子市めじろ台１丁目で盗撮　５月１３日夜,http://this.kiji.is/1162749588562494124?c=134733695793120758
2024-04-03,夜,東京都江東区豊洲４丁目,東京都,不審な言動,False,（東京）江東区豊洲４丁目で不審な言動　４月３日夜,http://this.kiji.is/1148520893492937435?c=134733695793120758
2024-05-13,夕方,東京都江戸川区西一之江４丁目,東京都,下半身露出,False,（東京）江戸川区西一之江４丁目で下半身露出　５月１３日夕方,http://this.kiji.is/1162744265737371932?c=134733695793120758
2024-05-13,午後,東京都世田谷区若林５丁目,東京都,痴漢,False,（東京）世田谷区若林５丁目で痴漢　５月１３日午後,http://this.kiji.is/1162741119322784148?c=134733695793120758
2024-05-13,夕方,東京都墨田区業平５丁目,東京都,声かけ,False,（東京）墨田区業平５丁目で声かけ　５月１３日夕方,http://this.kiji.is/1162739326138041285?c=134733695793120758
2024-04-03,朝,東京都稲城市東長沼,東京都,声かけ,False,（東京）稲城市東長沼で声かけ類似行為　４月３日朝,http://this.kiji.is/1148439099945255295?c=134733695793120758
2024-05-13,夕方,東京都台東区根岸４丁目,東京都,つきまとい,False,（東京）台東区根岸４丁目でつきまとい　５月１３日夕方,http://this.kiji.is/1162728791730225295?c=134733695793120758
2024-05-09,午後,東京都西東京市芝久保町３丁目,東京都,盗撮,False,（東京）西東京市芝久保町３丁目で盗撮　５月９日午後,http://this.kiji.is/1162697480215184216?c=134733695793120758
2024-05-10,夕方,東京都府中市緑町３丁目,東京都,暴言,False,（東京）府中市緑町３丁目で暴言　５月１０日夕方,http://this.kiji.is/1162662668593808138?c=134733695793120758
2024-04-03,深夜,東京都あきる野市二宮,東京都,声かけ,False,（東京）あきる野市二宮で声かけ　４月３日深夜,http://this.kiji.is/1148388333967687815?c=134733695793120758
2024-04-04,未明,東京都府中市住吉町３丁目,東京都,つきまとい,False,（東京）府中市住吉町３丁目でつきまとい　４月４日未明,http://this.kiji.is/1148344749318193968?c=134733695793120758
2024-04-03,深夜,東京都中央区新川２丁目,東京都,下半身露出,False,（東京）中央区新川２丁目で下半身露出　４月３日深夜,http://this.kiji.is/1148344288208355944?c=134733695793120758
2024-04-03,夜,東京都豊島区長崎６丁目,東京都,つきまとい,False,（東京）豊島区長崎６丁目でつきまとい　４月３日夜,http://this.kiji.is/1148229054979670656?c=134733695793120758
2024-04-03,夕方,東京都日野市万願寺３丁目,東京都,つきまとい,False,（東京）日野市万願寺３丁目でつきまとい　４月３日夕方,http://this.kiji.is/1148204578565357789?c=134733695793120758
2024-04-02,夜,東京都日野市旭が丘１丁目,東京都,痴漢,False,（東京）日野市旭が丘１丁目で痴漢　４月２日夜,http://this.kiji.is/1148164098209497369?c=134733695793120758
2024-05-11,朝,東京都港区西麻布４丁目付近,東京都,声かけ,False,（東京）港区西麻布４丁目付近で声かけ類似行為　５月１１日朝,http://this.kiji.is/1162600611649848028?c=134733695793120758
2024-04-03,昼前,東京都江戸川区北篠崎２丁目,東京都,下半身露出,False,（東京）江戸川区北篠崎２丁目で下半身露出　４月３日昼前,http://this.kiji.is/1148116317361046394?c=134733695793120758
2024-05-12,夕方,東京都江戸川区南葛西４丁目,東京都,下半身露出,False,（東京）江戸川区南葛西４丁目で下半身露出　５月１２日夕方,http://this.kiji.is/1162548521197814369?c=134733695793120758
2024-04-02,午後,東京都日野市万願寺６丁目付近,東京都,声かけ,False,（東京）日野市万願寺６丁目付近で声かけ　４月２日午後,http://this.kiji.is/1148070148980392168?c=134733695793120758
2024-05-13,未明,東京都墨田区東向島４丁目,東京都,声かけ,False,（東京）墨田区東向島４丁目で声かけ　５月１３日未明,http://this.kiji.is/1162542576181461645?c=134733695793120758
2024-05-13,未明,東京都大田区西嶺町,東京都,下半身露出,False,（東京）大田区西嶺町で下半身露出　５月１３日未明,http://this.kiji.is/1162482709943059356?c=134733695793120758
2024-05-12,夕方,東京都小平市津田町３丁目,東京都,下半身露出,False,（東京）小平市津田町３丁目で下半身露出　５月１２日夕方,http://this.kiji.is/1162416209522115342?c=134733695793120758
2024-05-12,夕方,東京都武蔵野市境南町２丁目,東京都,つきまとい,False,（東京）武蔵野市境南町２丁目でつきまとい　５月１２日夕方,http://this.kiji.is/1162415201689190925?c=134733695793120758
2024-04-02,夕方,東京都調布市国領町４丁目,東京都,下半身露出,False,（東京）調布市国領町４丁目で下半身露出　４月２日夕方,http://this.kiji.is/1147867775046435734?c=134733695793120758
2024-05-12,午後,東京都小平市小川町１丁目,東京都,下半身露出,False,（東京）小平市小川町１丁目で下半身露出　５月１２日午後,http://this.kiji.is/1162300941103104591?c=134733695793120758
2024-04-02,昼,東京都武蔵野市境１丁目,東京都,声かけ,False,（東京）武蔵野市境１丁目で声かけ　４月２日昼,http://this.kiji.is/1147818891971511030?c=134733695793120758
2024-05-12,午前,東京都中央区勝どき４丁目,東京都,声かけ,False,（東京）中央区勝どき４丁目で声かけ　５月１２日午前,http://this.kiji.is/1162273488443228445?c=134733695793120758
2024-04-01,深夜,東京都目黒区平町２丁目,東京都,下半身露出,False,（東京）目黒区平町２丁目で下半身露出　４月１日深夜,http://this.kiji.is/1147727934662525445?c=134733695793120758
2024-05-11,夜,東京都目黒区自由が丘２丁目,東京都,声かけ,False,（東京）目黒区自由が丘２丁目で声かけ　５月１１日夜,http://this.kiji.is/1162247618312716802?c=134733695793120758
2024-04-01,夕方,東京都新宿区信濃町,東京都,声かけ,False,（東京）新宿区信濃町で声かけ　４月１日夕方,http://this.kiji.is/1147710921231089759?c=134733695793120758
2024-05-11,深夜,東京都中野区鷺宮３丁目,東京都,下半身露出,False,（東京）中野区鷺宮３丁目で下半身露出　５月１１日深夜,http://this.kiji.is/1162122064308011985?c=134733695793120758
2024-03-30,,東京都文京区本郷３丁目,東京都,強盗,False,（東京）文京区本郷３丁目で強盗未遂　３月３０日［解決］,http://this.kiji.is/1147628654937014629?c=134733695793120758
2024-04-01,夕方,東京都荒川区町屋６丁目,東京都,つきまとい,False,（東京）荒川区町屋６丁目でつきまとい　４月１日夕方,http://this.kiji.is/1147509384741814824?c=134733695793120758
2024-05-10,夜,東京都江戸川区船堀７丁目,東京都,風呂場のぞき,False,（東京）江戸川区船堀７丁目で風呂場のぞきの疑い　５月１０日夜,http://this.kiji.is/1161906634210591736?c=134733695793120758
2024-05-11,昼前,東京都福生市南田園３丁目,東京都,下半身露出,False,（東京）福生市南田園３丁目で下半身露出　５月１１日昼前,http://this.kiji.is/1161899161496961617?c=134733695793120758
2024-05-11,午前,東京都福生市南田園３丁目,東京都,下半身露出,False,（東京）福生市南田園３丁目で下半身露出　５月１１日午前,http://this.kiji.is/1161897729022296497?c=134733695793120758
2024-04-01,未明,東京都世田谷区南烏山１丁目,東京都,下半身露出,False,（東京）世田谷区南烏山１丁目で下半身露出　４月１日未明［解決］,http://this.kiji.is/1147415729785127562?c=134733695793120758
2024-04-01,未明,東京都世田谷区粕谷１丁目,東京都,下半身露出,False,（東京）世田谷区粕谷１丁目で下半身露出　４月１日未明［解決］,http://this.kiji.is/1147414505991832315?c=134733695793120758
2024-03-30,未明,東京都目黒区鷹番２丁目,東京都,痴漢,False,（東京）目黒区鷹番２丁目で痴漢　３月３０日未明,http://this.kiji.is/1147357628092334899?c=134733695793120758
2024-05-11,午前,東京都中央区日本橋箱崎町,東京都,下半身露出,False,（東京）中央区日本橋箱崎町で下半身露出　５月１１日午前,http://this.kiji.is/1161844614794068906?c=134733695793120758
2024-04-01,朝,東京都調布市国領町７丁目,東京都,下半身露出,False,（東京）調布市国領町７丁目で下半身露出　４月１日朝,http://this.kiji.is/1147345946493977105?c=134733695793120758
2024-05-10,夕方,東京都練馬区南大泉４丁目,東京都,痴漢,False,（東京）練馬区南大泉４丁目で痴漢　５月１０日夕方,http://this.kiji.is/1161827211370004760?c=134733695793120758
2024-04-01,未明,東京都新宿区歌舞伎町１丁目付近,東京都,強盗,False,（東京）新宿区歌舞伎町１丁目付近で強盗　４月１日未明,http://this.kiji.is/1147302350040465880?c=134733695793120758
2024-05-10,夕方,東京都あきる野市小和田,東京都,声かけ,False,（東京）あきる野市小和田で声かけ　５月１０日夕方,http://this.kiji.is/1161823693254034315?c=134733695793120758
2024-05-11,朝,東京都杉並区高井戸東３丁目,東京都,暴行,False,（東京）杉並区高井戸東３丁目で暴行未遂　５月１１日朝,http://this.kiji.is/1161809915706655322?c=134733695793120758
2024-05-10,昼過ぎ,東京都三鷹市下連雀９丁目,東京都,撮影,False,（東京）三鷹市下連雀９丁目で撮影　５月１０日昼過ぎ,http://this.kiji.is/1161792931804644141?c=134733695793120758
2024-05-11,早朝,東京都武蔵野市吉祥寺本町１丁目,東京都,痴漢,False,（東京）武蔵野市吉祥寺本町１丁目で痴漢　５月１１日早朝,http://this.kiji.is/1161790554521092861?c=134733695793120758
2024-05-10,夕方,東京都町田市小山ケ丘６丁目,東京都,声かけ,False,（東京）町田市小山ケ丘６丁目で声かけ　５月１０日夕方,http://this.kiji.is/1161779962080625487?c=134733695793120758
2024-05-09,夕方,東京都港区のバス内,東京都,下半身露出,False,（東京）港区のバス内で下半身露出　５月９日夕方,http://this.kiji.is/1161778409155281308?c=134733695793120758
2024-04-30,朝,東京都港区のバス内,東京都,下半身露出,False,（東京）港区のバス内で下半身露出　４月３０日朝,http://this.kiji.is/1161778171486962413?c=134733695793120758
2024-05-09,深夜,東京都江戸川区南葛西５丁目,東京都,痴漢,False,（東京）江戸川区南葛西５丁目で痴漢　５月９日深夜,http://this.kiji.is/1161777135602385664?c=134733695793120758
2024-05-11,未明,東京都大田区大森西４丁目,東京都,つきまとい,False,（東京）大田区大森西４丁目でつきまとい　５月１１日未明,http://this.kiji.is/1161776319380439161?c=134733695793120758
2024-05-10,午後,東京都日野市日野,東京都,声かけ,False,（東京）日野市日野で声かけ　５月１０日午後,http://this.kiji.is/1161662465419018789?c=134733695793120758
2024-05-10,午前,東京都港区赤坂５丁目,東京都,声かけ,False,（東京）港区赤坂５丁目で声かけ　５月１０日午前,http://this.kiji.is/1161648624020914797?c=134733695793120758
2024-05-09,午後,東京都八王子市千人町２丁目,東京都,盗撮,False,（東京）八王子市千人町２丁目で盗撮　５月９日午後,http://this.kiji.is/1161642294280733464?c=134733695793120758
2024-05-10,夜,東京都杉並区堀ノ内１丁目,東京都,下半身露出,False,（東京）杉並区堀ノ内１丁目で下半身露出　５月１０日夜,http://this.kiji.is/1161641360413246441?c=134733695793120758
2024-05-10,午後,東京都世田谷区駒沢１丁目,東京都,下半身露出,False,（東京）世田谷区駒沢１丁目で下半身露出　５月１０日午後,http://this.kiji.is/1161614266646266141?c=134733695793120758
2024-05-09,,東京都江戸川区,東京都,不審火,False,（東京）江戸川区で不審火　５月９日,http://this.kiji.is/1161607872510886624?c=134733695793120758
2024-05-08,,東京都江戸川区,東京都,不審火,False,（東京）江戸川区で不審火　５月８日,http://this.kiji.is/1161607747425714908?c=134733695793120758
2024-05-07,午後,東京都港区芝大門２丁目,東京都,声かけ,False,（東京）港区芝大門２丁目で声かけ　５月７日午後,http://this.kiji.is/1161600082860311188?c=134733695793120758
2024-05-10,午前,東京都福生市熊川,東京都,下半身露出,False,（東京）福生市熊川で下半身露出　５月１０日午前,http://this.kiji.is/1161529945945080119?c=134733695793120758
2024-05-09,夜,東京都台東区松が谷３丁目付近,東京都,ひったくり,False,（東京）台東区松が谷３丁目付近でひったくり　５月９日夜,http://this.kiji.is/1161507218525077881?c=134733695793120758
2024-04-28,,東京都町田市相原町,東京都,バイク盗,False,（東京）町田市相原町でバイク盗　４月２８日から５月４日,http://this.kiji.is/1161506186267443762?c=134733695793120758
2024-05-09,夕方,東京都新宿区西早稲田３丁目,東京都,暴言,False,（東京）新宿区西早稲田３丁目で暴言　５月９日夕方,http://this.kiji.is/1161469234206147037?c=134733695793120758
2024-05-10,未明,東京都足立区南花畑２丁目,東京都,下半身露出,False,（東京）足立区南花畑２丁目で下半身露出　５月１０日未明,http://this.kiji.is/1161465287735918989?c=134733695793120758
2024-05-08,夕方,東京都江戸川区西葛西６丁目付近,東京都,わいせつ物所持,False,（東京）江戸川区西葛西６丁目付近でわいせつ物所持　５月８日夕方,http://this.kiji.is/1161414233758056902?c=134733695793120758
2024-05-09,夕方,東京都千代田区九段南地区,東京都,不審な接近,False,（東京）千代田区九段南地区で不審な接近　５月９日夕方,http://this.kiji.is/1161410118566118048?c=134733695793120758
2024-05-09,深夜,東京都中央区日本橋中洲,東京都,声かけ,False,（東京）中央区日本橋中洲で声かけ　５月９日深夜,http://this.kiji.is/1161298073790710738?c=134733695793120758
2024-05-09,夕方,東京都府中市栄町１丁目,東京都,下半身露出,False,（東京）府中市栄町１丁目で下半身露出　５月９日夕方,http://this.kiji.is/1161261930540318794?c=134733695793120758
2024-05-09,午後,東京都板橋区高島平８丁目,東京都,下半身露出,False,（東京）板橋区高島平８丁目で下半身露出　５月９日午後,http://this.kiji.is/1161259333645975962?c=134733695793120758
2024-05-09,午後,東京都稲城市大丸,東京都,痴漢,False,（東京）稲城市大丸で痴漢　５月９日午後,http://this.kiji.is/1161258850689024104?c=134733695793120758
2024-05-08,夕方,東京都世田谷区太子堂１丁目,東京都,声かけ,False,（東京）世田谷区太子堂１丁目で声かけ　５月８日夕方,http://this.kiji.is/1161235256749605358?c=134733695793120758
2024-05-01,夜,東京都港区高輪３丁目付近,東京都,声かけ,False,（東京）港区高輪３丁目付近で声かけ　５月１日夜,http://this.kiji.is/1161229028859756662?c=134733695793120758
2024-05-09,朝,東京都豊島区長崎４丁目,東京都,下半身露出,False,（東京）豊島区長崎４丁目で下半身露出　５月９日朝,http://this.kiji.is/1161144825126256973?c=134733695793120758
2024-05-02,午後,東京都中野区新井３丁目,東京都,下半身露出,False,（東京）中野区新井３丁目で下半身露出　５月２日午後,http://this.kiji.is/1161119233813233822?c=134733695793120758
2024-05-08,夜,東京都江戸川区東葛西５丁目,東京都,つきまとい,False,（東京）江戸川区東葛西５丁目でつきまとい　５月８日夜,http://this.kiji.is/1161117915977450267?c=134733695793120758
2024-05-08,午後,東京都江戸川区東葛西９丁目,東京都,卑わいな声かけ,False,（東京）江戸川区東葛西９丁目で卑わいな声かけ類似行為　５月８日午後,http://this.kiji.is/1160935244425986491?c=134733695793120758
2024-05-08,夕方,東京都八王子市松が谷,東京都,下半身露出,False,（東京）八王子市松が谷で下半身露出　５月８日夕方,http://this.kiji.is/1160900627907642144?c=134733695793120758
2024-05-08,午後,東京都板橋区西北部,東京都,盗撮,False,（東京）板橋区西北部で盗撮の疑い　５月８日午後,http://this.kiji.is/1160899863055204775?c=134733695793120758
2024-05-08,夕方,東京都中野区東中野５丁目,東京都,盗撮,False,（東京）中野区東中野５丁目で盗撮　５月８日夕方,http://this.kiji.is/1160898798617903175?c=134733695793120758
2024-05-08,午前,東京都新宿区市谷台町,東京都,つきまとい,False,（東京）新宿区市谷台町でつきまとい　５月８日午前,http://this.kiji.is/1160893300217266954?c=134733695793120758
2024-05-08,午後,東京都千代田区外神田６丁目,東京都,声かけ,False,（東京）千代田区外神田６丁目で声かけ　５月８日午後,http://this.kiji.is/1160892061065068639?c=134733695793120758
2024-05-08,午後,東京都目黒区碑文谷１丁目,東京都,声かけ,False,（東京）目黒区碑文谷１丁目で声かけ　５月８日午後,http://this.kiji.is/1160882796762792505?c=134733695793120758
2024-05-08,昼過ぎ,東京都板橋区成増１丁目,東京都,声かけ,False,（東京）板橋区成増１丁目で声かけ　５月８日昼過ぎ,http://this.kiji.is/1160874012778365405?c=134733695793120758
2024-05-08,昼過ぎ,東京都墨田区墨田３丁目,東京都,声かけ,False,（東京）墨田区墨田３丁目で声かけ　５月８日昼過ぎ,http://this.kiji.is/1160867790549631219?c=134733695793120758
2024-05-03,夕方,東京都武蔵村山市緑が丘,東京都,盗撮,False,（東京）武蔵村山市緑が丘で盗撮　５月３日夕方,http://this.kiji.is/1160817018367918371?c=134733695793120758
2024-05-08,未明,東京都渋谷区恵比寿２丁目,東京都,下半身露出,False,（東京）渋谷区恵比寿２丁目で下半身露出　５月８日未明,http://this.kiji.is/1160721234513871027?c=134733695793120758
2024-05-08,未明,東京都調布市若葉町２丁目付近,東京都,発砲,False,（東京）調布市若葉町２丁目付近で発砲　５月８日未明［解決］,http://this.kiji.is/1160717862060540073?c=134733695793120758
2024-05-07,深夜,東京都八王子市千人町２丁目,東京都,下半身露出,False,（東京）八王子市千人町２丁目で下半身露出　５月７日深夜,http://this.kiji.is/1160626064049799653?c=134733695793120758
2024-05-07,夜,東京都あきる野市秋川１丁目,東京都,下半身露出,False,（東京）あきる野市秋川１丁目で下半身露出　５月７日夜,http://this.kiji.is/1160625226346201724?c=134733695793120758
2024-05-07,夕方,東京都板橋区常盤台４丁目,東京都,つきまとい,False,（東京）板橋区常盤台４丁目でつきまとい　５月７日夕方,http://this.kiji.is/1160577428202930797?c=134733695793120758
2024-05-07,夜,東京都清瀬市下宿１丁目,東京都,刃物所持,False,（東京）清瀬市下宿１丁目で刃物所持の疑い　５月７日夜［解決］,http://this.kiji.is/1160575380378698181?c=134733695793120758
2024-05-07,午後,東京都千代田区富士見２丁目,東京都,盗撮,False,（東京）千代田区富士見２丁目で盗撮の疑い　５月７日午後,http://this.kiji.is/1160487910572867642?c=134733695793120758
2024-05-07,朝,東京都江戸川区松江２丁目付近,東京都,暴行,False,（東京）江戸川区松江２丁目付近で暴行　５月７日朝,http://this.kiji.is/1160445168664871668?c=134733695793120758
2024-05-07,未明,東京都港区麻布十番３丁目,東京都,痴漢,False,（東京）港区麻布十番３丁目で痴漢　５月７日未明,http://this.kiji.is/1160369812878917954?c=134733695793120758
2024-05-07,未明,東京都荒川区南千住４丁目,東京都,痴漢,False,（東京）荒川区南千住４丁目で痴漢　５月７日未明,http://this.kiji.is/1160341965599424718?c=134733695793120758
2024-05-07,未明,東京都八王子市松が谷,東京都,下半身露出,False,（東京）八王子市松が谷で下半身露出　５月７日未明,http://this.kiji.is/1160340801240171499?c=134733695793120758
2024-05-06,深夜,東京都中野区野方５丁目,東京都,痴漢,False,（東京）中野区野方５丁目で痴漢　５月６日深夜,http://this.kiji.is/1160307117803684775?c=134733695793120758
2024-05-06,夜,東京都墨田区立花４丁目,東京都,盗撮,False,（東京）墨田区立花４丁目で盗撮の疑い　５月６日夜,http://this.kiji.is/1160306615006609828?c=134733695793120758
2024-05-06,昼前,東京都新宿区富久町,東京都,下半身露出,False,（東京）新宿区富久町で下半身露出　５月６日昼前,http://this.kiji.is/1160121660954739064?c=134733695793120758
2024-05-06,昼前,東京都葛飾区金町２丁目,東京都,下半身露出,False,（東京）葛飾区金町２丁目で下半身露出　５月６日昼前,http://this.kiji.is/1160119070701142375?c=134733695793120758
2024-05-05,深夜,東京都目黒区目黒１丁目,東京都,下半身露出,False,（東京）目黒区目黒１丁目で下半身露出　５月５日深夜,http://this.kiji.is/1160003410506433431?c=134733695793120758
2024-05-05,夕方,東京都武蔵野市吉祥寺南町１丁目,東京都,痴漢,False,（東京）武蔵野市吉祥寺南町１丁目で痴漢　５月５日夕方,http://this.kiji.is/1159802672811753605?c=134733695793120758
2024-05-05,未明,東京都大田区萩中３丁目,東京都,下半身露出,False,（東京）大田区萩中３丁目で下半身露出　５月５日未明,http://this.kiji.is/1159646242090025431?c=134733695793120758
2024-05-05,未明,東京都品川区大井４丁目,東京都,下半身露出,False,（東京）品川区大井４丁目で下半身露出　５月５日未明,http://this.kiji.is/1159624449252180663?c=134733695793120758
2024-05-04,夜,東京都世田谷区北烏山９丁目,東京都,下半身露出,False,（東京）世田谷区北烏山９丁目で下半身露出　５月４日夜,http://this.kiji.is/1159530101199028635?c=134733695793120758
2024-05-04,夕方,東京都葛飾区東四つ木４丁目,東京都,つきまとい,False,（東京）葛飾区東四つ木４丁目でつきまとい　５月４日夕方,http://this.kiji.is/1159496794468532650?c=134733695793120758
2024-05-04,夕方,東京都世田谷区南烏山５丁目,東京都,痴漢,False,（東京）世田谷区南烏山５丁目で痴漢　５月４日夕方,http://this.kiji.is/1159441335811244121?c=134733695793120758
2024-05-03,未明,東京都日の出町平井,東京都,つきまとい,False,（東京）日の出町平井でつきまとい　５月３日未明,http://this.kiji.is/1159302788534173770?c=134733695793120758
2024-04-07,,東京都東大和市立野２丁目,東京都,モノかけ,False,（東京）東大和市立野２丁目でモノかけ　４月７日［解決］,http://this.kiji.is/1159061253886853894?c=134733695793120758
2024-05-02,午後,東京都西東京市谷戸町２丁目,東京都,声かけ,False,（東京）西東京市谷戸町２丁目で声かけ　５月２日午後,http://this.kiji.is/1158928132722606701?c=134733695793120758
2024-05-02,夜,東京都八王子市別所２丁目,東京都,盗撮,False,（東京）八王子市別所２丁目で盗撮　５月２日夜,http://this.kiji.is/1158922878892769448?c=134733695793120758
2024-05-02,夜,東京都中央区日本橋浜町３丁目,東京都,強盗,False,（東京）中央区日本橋浜町３丁目で強盗　５月２日夜［解決］,http://this.kiji.is/1158922199724557171?c=134733695793120758
2024-05-02,午後,東京都港区南麻布３丁目,東京都,撮影,False,（東京）港区南麻布３丁目で撮影　５月２日午後,http://this.kiji.is/1158743269899305276?c=134733695793120758
2024-05-02,夕方,東京都文京区千駄木３丁目,東京都,声かけ,False,（東京）文京区千駄木３丁目で声かけ　５月２日夕方,http://this.kiji.is/1158715222714548758?c=134733695793120758
2024-05-02,午後,東京都板橋区志村１丁目,東京都,つきまとい,False,（東京）板橋区志村１丁目でつきまとい　５月２日午後,http://this.kiji.is/1158698665248883671?c=134733695793120758
2024-05-02,昼前,東京都立川市曙町２丁目,東京都,痴漢,False,（東京）立川市曙町２丁目で痴漢　５月２日昼前,http://this.kiji.is/1158679805298901009?c=134733695793120758
2024-05-02,午後,東京都羽村市緑ケ丘２丁目,東京都,下半身露出,False,（東京）羽村市緑ケ丘２丁目で下半身露出　５月２日午後,http://this.kiji.is/1158676444940944058?c=134733695793120758
2024-05-02,朝,東京都八王子市川口町,東京都,つきまとい,False,（東京）八王子市川口町でつきまとい　５月２日朝,http://this.kiji.is/1158672360854782319?c=134733695793120758
2024-05-02,昼過ぎ,東京都足立区中央本町３丁目,東京都,声かけ,False,（東京）足立区中央本町３丁目で声かけ　５月２日昼過ぎ,http://this.kiji.is/1158671847758726034?c=134733695793120758
2024-05-01,夜,東京都小平市小川町１丁目,東京都,下半身露出,False,（東京）小平市小川町１丁目で下半身露出　５月１日夜,http://this.kiji.is/1158658685328081522?c=134733695793120758
2024-05-02,午前,東京都杉並区高円寺南３丁目,東京都,声かけ,False,（東京）杉並区高円寺南３丁目で声かけ　５月２日午前,http://this.kiji.is/1158625303248061157?c=134733695793120758
2024-05-01,午後,東京都東久留米市下里７丁目,東京都,下半身露出,False,（東京）東久留米市下里７丁目で下半身露出　５月１日午後,http://this.kiji.is/1158588912939860432?c=134733695793120758
2024-04-25,夕方,東京都西東京市富士町６丁目,東京都,つきまとい,False,（東京）西東京市富士町６丁目でつきまとい　４月２５日夕方［解決］,http://this.kiji.is/1158403345980670557?c=134733695793120758
2024-05-01,夕方,東京都葛飾区青戸３丁目,東京都,つきまとい,False,（東京）葛飾区青戸３丁目でつきまとい　５月１日夕方,http://this.kiji.is/1158402121105736437?c=134733695793120758
2024-05-01,夕方,東京都稲城市押立,東京都,声かけ,False,（東京）稲城市押立で声かけ　５月１日夕方,http://this.kiji.is/1158362403168452703?c=134733695793120758
2024-05-01,夕方,東京都新宿区神楽河岸付近,東京都,痴漢,False,（東京）新宿区神楽河岸付近で痴漢　５月１日夕方,http://this.kiji.is/1158359566871446320?c=134733695793120758
2024-05-01,朝,東京都八王子市小門町,東京都,痴漢,False,（東京）八王子市小門町で痴漢　５月１日朝,http://this.kiji.is/1158324604257796449?c=134733695793120758
2024-05-01,朝,東京都港区麻布狸穴町,東京都,スカート内盗撮,False,（東京）港区麻布狸穴町でスカート内盗撮未遂　５月１日朝,http://this.kiji.is/1158322192709206707?c=134733695793120758
2024-05-01,未明,東京都武蔵野市,東京都,のぞき,False,（東京）武蔵野市でのぞき　５月１日未明,http://this.kiji.is/1158162178579316807?c=134733695793120758
